owner_key,legacy_uuid,title,topic,url,downloadable,expected_bytes,reference_status
r_piemon,r_piemon:9c6b3d56-945b-4abf-9031-73ef2a62a51f,Ppr - Aree ed elementi di specifico interesse geomorfologico e naturalistico con rilevanza visiva (tav. P4),biota,https://www.datigeo-piem-download.it/direct/Geoportale/RegionePiemonte/PPR/elem_interesse_natur_con_rilev_visiva_upp.zip,true,11512,ok
r_piemon,r_piemon:b2a2b447-9769-49fa-b0a0-1ff8c882ee2f,Ripresa aerea 1995 CORIO CANAVESE ALIFOTO Piano di volo,imageryBaseMapsEarthCover,https://www.datigeo-piem-download.it/direct/Geoportale/RegionePiemonte/Voli/Ripresa_aerea_1995_CORIO_CANAVESE_ALIFOTO_ABBRACCIAMENTO.zip,true,6498,ok
r_piemon,r_piemon:b23afede-61bd-480c-b59f-1cddba009c66,Ppr - Vette (tav. P4),elevation,https://www.datigeo-piem-download.it/direct/Geoportale/RegionePiemonte/PPR/vette.zip,true,16308,ok
r_piemon,r_piemon:1322be6b-b10a-4327-a0f9-b7f66fdeccb4,Ppr - Aree di montagna (tav. P4),planningCadastre,https://www.datigeo-piem-download.it/direct/Geoportale/RegionePiemonte/PPR/montagna_upp.zip,true,199123,ok
c_001272,c_l219:7a12f3f9-cb05-4778-9182-2703839c7a92,Urbanistica - PRG Var. Geologica - Corsi d'acqua,inlandWaters,http://geoportale.comune.torino.it/sec/zip/corsi_d_acqua.zip,true,54900,ok
r_piemon,r_piemon:33a26aba-b01e-4822-a4eb-4ddf8a576413,Ppr - Elementi strutturanti i bordi urbani (tav. P4),planningCadastre,https://www.datigeo-piem-download.it/direct/Geoportale/RegionePiemonte/PPR/elementi_strutturanti_insediamento_upp.zip,true,92368,ok
p_to,cmto:23192f3c-81b2-4130-a08f-8fceef5a80f9,CERONDA e CASTERNONE - Studio Idrogeologico,geoscientificInformation,https://www.cittametropolitana.torino.it/sites/default/files/pagina/risorse/sit-cartografico/dwd/geoportale/dati_scaricabili/difesa_del_suolo/studi_idrogeologici/cerondacasternone/Stralcio_Relazione_studio_110.pdf,true,1630911,ok
r_piemon,r_piemon:7f8e1295-9673-4eed-aee8-074ea1b8a644,Ppr - Aree rurali di specifico interesse paesaggistico SV1 (tav. P4),planningCadastre,https://www.datigeo-piem-download.it/direct/Geoportale/RegionePiemonte/PPR/specificita_paes_sv1_upp.zip,true,691626,ok
c_001272,c_l219:38d0528b-e27f-417a-8f30-a8d696a652eb,Biblioteche,society,http://geoportale.comune.torino.it/geodati/zip/biblioteche_geo.zip,true,19095,ok
c_001272,c_l219:38d0528b-e27f-417a-8f30-a8d696a652eb,Biblioteche,society,http://geoportale.comune.torino.it/geodati/zip/biblioteche_csv.zip,true,2616,ok
r_piemon,r_piemon:00aaa290-3eaf-4615-9f0c-bc609c62b878,Ppr - Aree rurali di specifico interesse paesaggistico SV4 (tav. P4),planningCadastre,https://www.datigeo-piem-download.it/direct/Geoportale/RegionePiemonte/PPR/specificita_paes_sv4_upp.zip,true,354392,ok
c_001272,c_l219:959f8363-2b36-4355-a806-66f8a8df5ae2,Dati di base - Volo aereo 2007,imageryBaseMapsEarthCover,http://geoportale.comune.torino.it/sec/zip/volo_2007.zip,true,61448,ok
p_to,cmto:5be3e580-a791-45c5-80a2-b54de25fa2ce,PTC 2 - Aree protette provinciali proposte,environment,https://www.cittametropolitana.torino.it/sites/default/files/pagina/risorse/territorio/dwd/pianificazione-territoriale/ptc2/shape_tavole/tav31/aree_prot_pv_proposte.zip,true,58508,ok
c_001272,c_l219:41a205a2-6a84-4b13-817c-8b483d1971f8,Cinema,society,http://geoportale.comune.torino.it/geodati/zip/cinema_geo.zip,true,16237,ok
c_001272,c_l219:41a205a2-6a84-4b13-817c-8b483d1971f8,Cinema,society,http://geoportale.comune.torino.it/geodati/zip/cinema_csv.zip,true,1988,ok
p_to,cmto:403766ce-7b5c-4347-ba70-2235e37d2447,Impianti di produzione di energia da fonti rinnovabili - puntuale,environment,https://eds.cittametropolitana.torino.it/geoportale/SHP_INT_ENER.php,true,96443,ok
r_piemon,r_piemon:7de040f1-82cb-4e53-95e1-7de4f5abd894,Ppr - Profili paesaggistici (tav. P4),elevation,https://www.datigeo-piem-download.it/direct/Geoportale/RegionePiemonte/PPR/profili_paesaggistici.zip,true,22924,ok
r_piemon,r_piemon:21953b9a-63de-4558-b8bf-28f68bf19999,Ppr - Sistemi di crinali collinari principali e secondari e pedemontani principali e secondari (tav. P4),elevation,https://www.datigeo-piem-download.it/direct/Geoportale/RegionePiemonte/PPR/crinali_collinari_e_pedemontani_principali_e_secondari.zip,true,184049,ok
p_to,cmto:b0a455b0-156b-4bd1-ac3a-a6d93ebaa96a,SANGONE - Studio idrogeologico,geoscientificInformation,https://www.cittametropolitana.torino.it/sites/default/files/pagina/risorse/sit-cartografico/dwd/geoportale/dati_scaricabili/difesa_del_suolo/studi_idrogeologici/sangone/Relazione_studio_101.pdf,true,21108489,ok
p_to,arlpa_to:07.10.09_10-D_2012-05-10-15:40,Arpa Piemonte - Evento alluvionale del 7-10 Ottobre 1996,geoscientificInformation,https://webgis.arpa.piemonte.it/w-metadoc/Download/alluvioni/allu_1996.zip,true,389089,ok
c_001272,c_l219:a38e078e-6935-4022-b2b4-ace9baacf4f7,Urbanistica - PRG Azzonamento - Edifici di particolare interesse storico,planningCadastre,http://geoportale.comune.torino.it/sec/zip/edifici_di_particolare_interesse_storico.zip,true,279511,ok
r_piemon,r_piemon:9958bfae-baba-48ac-94c2-8c911fa48ba2,Ppr - Tav. P6 Strategie e politiche per il paesaggio,planningCadastre,https://www.datigeo-piem-download.it/direct/Geoportale/RegionePiemonte/PPR/ProgettiQGIS/PPR_TavolaP6.zip,true,12735107,ok
r_piemon,r_piemon:3dab7c27-ca3e-4dc7-ad7e-9ecefe6b9dc9,TRAFFICO GIORNALIERO MEDIO E ALTRI DATI SVR 2023 SU ELEMENTO STRADALE BDTRE,transportation,https://www.datigeo-piem-download.it/direct/Geoportale/RegionePiemonte/TRASPORTI/DatiSVR2023_su_ElementoStradaleBDTRE.zip,true,81000750,ok
r_piemon,r_piemon:7a1aaac0-8d42-4451-a3ce-ad2eb34a0572,Ppr - Siti inseriti nella lista del Patrimonio Mondiale UNESCO. I Paesaggi vitivinicoli del Piemonte: Langhe-Roero e Monferrato (tav. P5),planningCadastre,https://www.datigeo-piem-download.it/direct/Geoportale/RegionePiemonte/PPR/siti_unesco_paesaggi_vitivinicoli.zip,true,159644,ok
r_piemon,r_piemon:9dd8a2fe-7c57-4307-adf1-43a9cfb6b1b3,Ppr - Fulcri del costruito (tav. P4),society,https://www.datigeo-piem-download.it/direct/Geoportale/RegionePiemonte/PPR/fulcri_costruito_upp.zip,true,22295,ok
p_to,cmto:71fc592c-1413-4b41-83c7-cecc0bfae359,PTC 2 - Gerarchie urbane,planningCadastre,https://www.cittametropolitana.torino.it/sites/default/files/pagina/risorse/territorio/dwd/pianificazione-territoriale/ptc2/shape_tavole/tav21/gerarchie_urbane.zip,true,25307,ok
p_bi,p_bi:63afa00d-777e-4a0f-b972-4ef21e5d4dc8,Provincia di Biella - PTPv1 Nodi di interscambio,planningCadastre,https://www.provincia.biella.it/repertorio/consultazione/at8-strumenti-di-pianificazione/igt-f-politiche-territoriali-della,false,0,err
p_to,cmto:adba0ab1-6a68-4279-803e-f22e677f9dfd,Dizionario dei rifiuti,environment,https://www.cittametropolitana.torino.it/cms/risorse/ambiente/dwd/geoportale/rifiuti/cmto_dizionario_rifiuti.zip,true,134002,ok
p_to,cmto:213df4aa-b09d-4b21-9702-87e93e6af7dc,PTC 2 - Aziende principali,economy,https://www.cittametropolitana.torino.it/sites/default/files/pagina/risorse/territorio/dwd/pianificazione-territoriale/ptc2/shape_tavole/tav22/aziende_principali.zip,true,86066,ok
p_bi,p_bi:3a24e70a-e91b-4740-8101-e2ef99da09b1,Provincia di Biella - uso del suolo anno 1994,farming,https://www.provincia.biella.it/sit-e-cartografia/repertorio/consultazione/at6-matrice-ambientale,false,0,err
c_001272,c_l219:f33378db-d8ce-402b-9441-5cf19e1a9f79,Arte urbana - Picturin,society,http://geoportale.comune.torino.it/geodati/zip/a_urbana_picturin_geo.zip,true,12300,ok
c_001272,c_l219:f33378db-d8ce-402b-9441-5cf19e1a9f79,Arte urbana - Picturin,society,http://geoportale.comune.torino.it/geodati/zip/a_urbana_picturin_csv.zip,true,1704,ok
r_piemon,r_piemon:f80b8ec2-713f-4174-860d-47aa12f76c64,Rilocalizzazione preventiva di immobili ad uso abitativo in aree a rischio idraulico e idrogeologico,planningCadastre,https://www.datigeo-piem-download.it/direct/Geoportale/RegionePiemonte/Rilocalizzazioni/rilocalizzazioni.zip,true,5550,ok
r_piemon,r_piemon:b1ac32ae-2796-4a1f-8607-2dcae1da5f9a,Ppr - Siti inseriti nella lista del Patrimonio Mondiale UNESCO: Sacri Monti e siti palafitticoli (tav. P5),planningCadastre,https://www.datigeo-piem-download.it/direct/Geoportale/RegionePiemonte/PPR/Unesco_sacri_monti_siti_palafitticoli.zip,true,62459,ok
c_001272,c_l219:85cea270-4304-4ccb-922a-a20095f27f94,Catasto Urbano 1:1500,planningCadastre,http://geoportale.comune.torino.it/sec/zip/catasto_urbano.zip,true,7259026,ok
r_piemon,r_piemon:kd745pdg-4pi5-3ff2-li8h-rso458t4dl84,Ppr - Elementi caratterizzanti di rilevanza paesaggistica (tav. P4),planningCadastre,https://www.datigeo-piem-download.it/direct/Geoportale/RegionePiemonte/PPR/elem_rilevanza_paesistica_upp.zip,true,160319,ok
c_001272,c_l219:f6ee6509-3588-4897-9020-128e4728970a,Dati statistici - Zone Statistiche - Popolazione straniera,society,http://geoportale.comune.torino.it/geodati/zip/zonestat_popolazione_straniera_geo.zip,true,2619496,ok
c_001272,c_l219:f6ee6509-3588-4897-9020-128e4728970a,Dati statistici - Zone Statistiche - Popolazione straniera,society,http://geoportale.comune.torino.it/geodati/zip/zonestat_popolazione_straniera_csv.zip,true,1683753,ok
p_to,cmto:0051c4ee-13fd-4146-8a84-928dea6083c2,Impianti di stoccaggio oli minerali - puntuale,environment,https://eds.cittametropolitana.torino.it/geoportale/SHP_INT_OLI.php,true,79845,ok
r_piemon,r_piemon:354e104a-fd24-419f-9e19-3c0af85281f7,Ppr - Varchi ecologici (tav. P5),planningCadastre,https://www.datigeo-piem-download.it/direct/Geoportale/RegionePiemonte/PPR/varchi_ambientali.zip,true,11908,ok
p_bi,p_bi:2910e2a2-9f34-4e04-81d7-9d4a99e08113,Provincia di Biella - PTPv1 - Delimitazione centri storici,planningCadastre,https://www.provincia.biella.it/repertorio/consultazione/at8-strumenti-di-pianificazione/igt-u-carta-degli-indirizzi-di-governo-del,false,0,err
r_piemon,r_piemon:19e1642f-a4ca-4231-8193-f1a777d6ede0,Ambiti amministrativi - Comuni Census 2000 (STORICO),boundaries,https://www.datigeo-piem-download.it/direct/Geoportale/RegionePiemonte/Limiti_amministrativi/COMUNI_CENSUS.zip,true,5047672,ok
r_piemon,r_piemon:53d7561e-b2c9-49ee-8c45-f780c4bd5a11,Ppr - Bene ex L. 1497/1939 (linee - tav. P2),planningCadastre,https://www.datigeo-piem-download.it/direct/Geoportale/RegionePiemonte/PPR/Bene_ex_L_1497_39_linee.zip,true,7125,ok
c_001272,c_l219:8423169f-f5b4-41fa-a614-68e68fb17842,Urbanistica - PRG Var. Geologica - Ambiti dei punti critici,planningCadastre,http://geoportale.comune.torino.it/sec/zip/ambiti_dei_punti_critici.zip,true,94916,ok
p_bi,p_bi:cb6e9de5-5d97-4d10-b909-a7696e807f4d,Provincia di Biella - Itinerari escursionistici,planningCadastre,https://www.provincia.biella.it/sit-e-cartografia/repertorio/consultazione/at5-sistema-funzionale-relazionale,false,0,err
p_to,cmto:851cf766-7855-4c8d-afa5-9aa6186793cf,DORA BALTEA Alluvione 13-16/10/2000,geoscientificInformation,https://www.cittametropolitana.torino.it/sites/default/files/pagina/risorse/sit-cartografico/dwd/geoportale/dati_scaricabili/difesa_del_suolo/studi_idrogeologici/dorabaltea/Stralcio_Relazione_Dora_Baltea_Alluvione2000.pdf,true,1826261,ok
p_to,cmto:afe395cb-2ab4-43e3-b877-210254680b3e,PTC 2 - Suoli agricoli (Capacità d’uso dei suoli),farming,https://www.cittametropolitana.torino.it/sites/default/files/pagina/risorse/territorio/dwd/pianificazione-territoriale/ptc2/shape_tavole/tav31/capuso_250_v.zip,true,1332349,ok
p_bi,p_bi:6e903c7a-6ec3-4703-b67d-0934249d2227,Provincia di Biella - PTPv1 - Circhi glaciali,planningCadastre,https://www.provincia.biella.it/repertorio/consultazione/at8-strumenti-di-pianificazione/ctp-pae-sensibilita-paesistiche-e,false,0,err
r_piemon,r_piemon:2d9f2ab8-6601-4c5c-bf1d-b6407d999249,Ppr - Luoghi di villeggiatura e centri di loisir (tav. P4),society,https://www.datigeo-piem-download.it/direct/Geoportale/RegionePiemonte/PPR/villeggiatura_loisir_upp.zip,true,87955,ok
p_to,arlpa_to:07.04.06-D_2015-03-31-11:07,"Regione Piemonte, Arpa Piemonte, Citta' Metropolitana di Torino - Banca Dati Eventi",geoscientificInformation,http://webgis.arpa.piemonte.it/w-metadoc/Download/BancaDatiEventi.zip,true,4894182,ok
p_to,cmto:d33c4074-5506-4518-8085-671ca479cfd6,PTC 2 - Corridoi di connessione ecologica,environment,https://www.cittametropolitana.torino.it/sites/default/files/pagina/risorse/territorio/dwd/pianificazione-territoriale/ptc2/shape_tavole/tav31/connessioni_eco_nov09.zip,true,1834545,ok
r_piemon,r_piemon:9aa35746-fcd2-4234-a732-16db26ac8d1c,Interventi di riqualificazione dei corpi idrici piemontesi,inlandWaters,https://www.datigeo-piem-download.it/direct/Geoportale/RegionePiemonte/Acqua/PTA/Programma_interventi_PTA.zip,true,549845,ok
c_001272,c_l219:39c7b996-46db-48f2-a591-be3e223a79d8,Urbanistica - PRG Azzonamento - Aree di piano,planningCadastre,http://geoportale.comune.torino.it/sec/zip/aree_di_piano.zip,true,2357681,ok
r_piemon,r_piemon:dfdbe75c-e682-46e9-991f-63066b9dbe27,Ppr - Struttura insediativa storica dei centri con forte identità morfologica (tav. P4),planningCadastre,https://www.datigeo-piem-download.it/direct/Geoportale/RegionePiemonte/PPR/struttura_insediativa_storica.zip,true,63774,ok
p_bi,p_bi:0dfad459-e1f1-40cc-ab96-6900e06cb1fd,Provincia di Biella - PTPv1 - Tessuti storici minori,planningCadastre,https://www.provincia.biella.it/repertorio/consultazione/at8-strumenti-di-pianificazione/ctp-pae-sensibilita-paesistiche-e,false,0,err
p_bi,p_bi:0dfad459-e1f1-40cc-ab96-6900e06cb1fd,Provincia di Biella - PTPv1 - Tessuti storici minori,planningCadastre,https://www.provincia.biella.it/repertorio/consultazione/at8-strumenti-di-pianificazione/igt-f-politiche-territoriali-della,false,0,err
c_001272,c_l219:1b33b577-6ddc-4391-b227-ec714fe4b540,Urbanistica - PRG Azzonamento - Pertinenze storiche,planningCadastre,http://geoportale.comune.torino.it/sec/zip/pertinenze_storiche.zip,true,85041,ok
p_to,cmto:53dd0189-57b9-48e9-b8a9-7d46edb2e039,Discariche - puntuale,environment,https://eds.cittametropolitana.torino.it/geoportale/SHP_INT_DISC.php,true,74962,ok
c_001272,c_l219:7d73e740-ce36-4e60-a401-1f75dad94f4f,Ospedali,society,http://geoportale.comune.torino.it/geodati/zip/ospedali_geo.zip,true,100795,ok
c_001272,c_l219:7d73e740-ce36-4e60-a401-1f75dad94f4f,Ospedali,society,http://geoportale.comune.torino.it/geodati/zip/ospedali_csv.zip,true,4353,ok
p_bi,p_bi:d9bb3509-5f83-4691-953a-b2522bc847aa,Provincia di Biella - PTPv1 - Rete autostradale,utilitiesCommunication,https://www.provincia.biella.it/repertorio/consultazione/at8-strumenti-di-pianificazione/igt-u-carta-degli-indirizzi-di-governo-del,false,0,err
p_bi,p_bi:d9bb3509-5f83-4691-953a-b2522bc847aa,Provincia di Biella - PTPv1 - Rete autostradale,utilitiesCommunication,https://www.provincia.biella.it/repertorio/consultazione/at8-strumenti-di-pianificazione/igt-f-politiche-territoriali-della,false,0,err
p_bi,p_bi:d9bb3509-5f83-4691-953a-b2522bc847aa,Provincia di Biella - PTPv1 - Rete autostradale,utilitiesCommunication,https://www.provincia.biella.it/repertorio/consultazione/at8-strumenti-di-pianificazione/igt-politiche-lassetto-del-sistema,false,0,err
r_piemon,r_piemon:0d98f073-2cf8-4ccb-9427-24c4d641c48f,Ambiti amministrativi - Comuni - 2013 Storico,boundaries,https://www.datigeo-piem-download.it/direct/Geoportale/RegionePiemonte/Limiti_amministrativi/Ambiti_amministrativi_comuni_serie_storica/AMBITI_AMMINISTRATIVI_COMUNI_2013.zip,true,9732393,ok
c_001272,c_l219:79c69ed4-75fc-4ba6-ad93-6608a4f6db64,"Uffici INPS, INAIL, CAAF",society,http://geoportale.comune.torino.it/geodati/zip/uffici_inps_inail_caaf_geo.zip,true,30809,ok
c_001272,c_l219:79c69ed4-75fc-4ba6-ad93-6608a4f6db64,"Uffici INPS, INAIL, CAAF",society,http://geoportale.comune.torino.it/geodati/zip/uffici_inps_inail_caaf_csv.zip,true,14075,ok
p_bi,p_bi:abcba816-94ee-4e27-8bb7-9ccc15ee5b4e,Provincia di Biella - PTPv1 - Vincoli DL42/04 art.136,planningCadastre,https://www.provincia.biella.it/repertorio/consultazione/at8-strumenti-di-pianificazione/ctp-pae-sensibilita-paesistiche-e,false,0,err
p_bi,p_bi:abcba816-94ee-4e27-8bb7-9ccc15ee5b4e,Provincia di Biella - PTPv1 - Vincoli DL42/04 art.136,planningCadastre,https://www.provincia.biella.it/repertorio/consultazione/at8-strumenti-di-pianificazione/igt-f-politiche-territoriali-della,false,0,err
r_piemon,r_piemon:35beb074-2022-4df8-8728-ff292ee2e20c,Ppr - Aree di elevato interesse agronomico (tav. P4),planningCadastre,https://www.datigeo-piem-download.it/direct/Geoportale/RegionePiemonte/PPR/aree_elevato_interesse_agronomico.zip,true,11001462,ok
r_piemon,r_piemon:9e94a878-a489-411e-b7ca-c3ab6bd5c310,MANIFESTAZIONI FIERISTICHE,location,https://www.datigeo-piem-download.it/direct/Geoportale/RegionePiemonte/Commercio/Manifestazioni_fieristiche.zip,true,92252,ok
r_piemon,r_piemon:4f3fd75e-a2cd-42c1-b0c3-b659228cb645,Catasto sbarramenti - DINV,geoscientificInformation,https://www.datigeo-piem-download.it/direct/Geoportale/RegionePiemonte/DINV/scaricoShapefile_citt.zip,true,78820,ok
r_piemon,r_piemon:909d453f-14a0-4980-ac59-01a4c39413e3,Comuni individuati e riconosciuti come turistici ai sensi della L.R. 14/2016,boundaries,https://www.datigeo-piem-download.it/direct/Geoportale/RegionePiemonte/Comuni_Turistici/comuni_riconosciuti_come_turistici.zip,true,4955416,ok
p_to,cmto:1a2add08-590c-4a73-b56c-2f0e6daa7e4d,Aziende AIA (Autorizzazione Integrata Ambientale) - puntuale,environment,https://eds.cittametropolitana.torino.it/geoportale/SHP_INT_IPPC.php,true,92680,ok
r_piemon,r_piemon:3eb83cc3-3368-435c-8ef6-1362d5205975,Carta d'uso di interesse apistico - ACA 18,farming,https://www.datigeo-piem-download.it/direct/Geoportale/RegionePiemonte/AGRICOLTURA/Apiari/uso_interesse_apistico.zip,true,126996575,ok
r_piemon,r_piemon:67c4e2df-301a-4f3f-b300-66591235fe1d,Ppr - Percorsi panoramici (tav. P4),planningCadastre,https://www.datigeo-piem-download.it/direct/Geoportale/RegionePiemonte/PPR/percorsi_panoramici_upp.zip,true,1062458,ok
p_bi,p_bi:1cb76559-f05c-4d44-a44d-86ebe9c7fd9d,Provincia di Biella - BDG Zone ampliamento accumulo passaggio,geoscientificInformation,https://www.provincia.biella.it/repertorio/consultazione/at8-strumenti-di-pianificazione/igt-s-carta-degli-indirizzi-di-governo-del,false,0,err
r_piemon,r_piemon:871c2eae-c7be-4061-8574-fed48ba8a63c,Ppr - Fulcri naturali (tav. P4),planningCadastre,https://www.datigeo-piem-download.it/direct/Geoportale/RegionePiemonte/PPR/fulcri_naturali_areali_upp.zip,true,303576,ok
r_piemon,r_piemon:94f01200-c2fa-4566-a594-1b231955612d,Priorità di intervento a livello comunale per piano regionale antincendi boschivi 2021-25,planningCadastre,https://www.datigeo-piem-download.it/direct/Geoportale/RegionePiemonte/IncendiBoschivi/priorita_comuni_AIB.zip,true,9358129,ok
p_to,cmto:e4daa4b7-8a3a-401e-a8ee-4201409162a3,PTC 2 - Strutture commerciali,economy,https://www.cittametropolitana.torino.it/sites/default/files/pagina/risorse/territorio/dwd/pianificazione-territoriale/ptc2/shape_tavole/tav22/strutture_commerciali.zip,true,25673,ok
r_piemon,r_piemon:7573bb81-0c2c-46d9-b3f6-609d4e64e34e,Uso del suolo agricolo su mosaicatura catastale di riferimento regionale 2023,farming,https://www.geoportale.piemonte.it/visregpigo/?action-type=dwl&url=https://geoservices.csi.it/ms/wms/agrigeo/rp-01/agrigeowms/wms_griglia_scaricogp?service=WMS&version=1.3&request=getCapabilities&title=Scarico%20-%20Uso%20del%20suolo%20agricolo&layer=scUsoSuoAgri,true,18993,ok
r_piemon,r_piemon:7573bb81-0c2c-46d9-b3f6-609d4e64e34e,Uso del suolo agricolo su mosaicatura catastale di riferimento regionale 2023,farming,https://www.datigeo-piem-download.it/direct/Geoportale/RegionePiemonte/AGRICOLTURA/UsoSuoloAgri/USO_SUOLO_AGRICOLO_2023-PROV-001-EPSG32632-GPKG.zip,true,122047006,ok
r_piemon,r_piemon:7573bb81-0c2c-46d9-b3f6-609d4e64e34e,Uso del suolo agricolo su mosaicatura catastale di riferimento regionale 2023,farming,https://www.datigeo-piem-download.it/direct/Geoportale/RegionePiemonte/AGRICOLTURA/UsoSuoloAgri/USO_SUOLO_AGRICOLO_2023-PROV-006-EPSG32632-GPKG.zip,true,81183102,ok
r_piemon,r_piemon:7573bb81-0c2c-46d9-b3f6-609d4e64e34e,Uso del suolo agricolo su mosaicatura catastale di riferimento regionale 2023,farming,https://www.datigeo-piem-download.it/direct/Geoportale/RegionePiemonte/AGRICOLTURA/UsoSuoloAgri/USO_SUOLO_AGRICOLO_2023-PROV-005-EPSG32632-GPKG.zip,true,49007623,ok
r_piemon,r_piemon:7573bb81-0c2c-46d9-b3f6-609d4e64e34e,Uso del suolo agricolo su mosaicatura catastale di riferimento regionale 2023,farming,https://www.datigeo-piem-download.it/direct/Geoportale/RegionePiemonte/AGRICOLTURA/UsoSuoloAgri/USO_SUOLO_AGRICOLO_2023-PROV-096-EPSG32632-GPKG.zip,true,14329151,ok
r_piemon,r_piemon:7573bb81-0c2c-46d9-b3f6-609d4e64e34e,Uso del suolo agricolo su mosaicatura catastale di riferimento regionale 2023,farming,https://www.datigeo-piem-download.it/direct/Geoportale/RegionePiemonte/AGRICOLTURA/UsoSuoloAgri/USO_SUOLO_AGRICOLO_2023-PROV-004-EPSG32632-GPKG.zip,true,143384625,ok
r_piemon,r_piemon:7573bb81-0c2c-46d9-b3f6-609d4e64e34e,Uso del suolo agricolo su mosaicatura catastale di riferimento regionale 2023,farming,https://www.datigeo-piem-download.it/direct/Geoportale/RegionePiemonte/AGRICOLTURA/UsoSuoloAgri/USO_SUOLO_AGRICOLO_2023-PROV-003-EPSG32632-GPKG.zip,true,22787622,ok
r_piemon,r_piemon:7573bb81-0c2c-46d9-b3f6-609d4e64e34e,Uso del suolo agricolo su mosaicatura catastale di riferimento regionale 2023,farming,https://www.datigeo-piem-download.it/direct/Geoportale/RegionePiemonte/AGRICOLTURA/UsoSuoloAgri/USO_SUOLO_AGRICOLO_2023-PROV-103-EPSG32632-GPKG.zip,true,14374794,ok
r_piemon,r_piemon:7573bb81-0c2c-46d9-b3f6-609d4e64e34e,Uso del suolo agricolo su mosaicatura catastale di riferimento regionale 2023,farming,https://www.datigeo-piem-download.it/direct/Geoportale/RegionePiemonte/AGRICOLTURA/UsoSuoloAgri/USO_SUOLO_AGRICOLO_2023-PROV-002-EPSG32632-GPKG.zip,true,29141016,ok
p_bi,p_bi:a115c945-460e-451b-80f0-5add892fba93,Provincia di Biella - BDG Frane attive,geoscientificInformation,https://www.provincia.biella.it/repertorio/consultazione/at8-strumenti-di-pianificazione/igt-s-carta-degli-indirizzi-di-governo-del,false,0,err
c_001272,c_l219:579d6faa-928c-4ce4-b60d-f4290a8d91bf,Voli aerei - Volo aereo 2016,imageryBaseMapsEarthCover,http://geoportale.comune.torino.it/geodati/zip/volo_2016_geo.zip,true,12787164,ok
r_piemon,r_piemon:a81b674a-b700-4f5b-98ba-bb73b7a548a5,Ppr - Praterie rupicole (tav. P4),biota,https://www.datigeo-piem-download.it/direct/Geoportale/RegionePiemonte/PPR/Praterie_rupicole.zip,true,12120282,ok
r_piemon,r_piemon:5009747f-c723-4af2-a2f9-132a985e2f2b,Ppr - Circuiti di interesse fruitivo (tav. P5),planningCadastre,https://www.datigeo-piem-download.it/direct/Geoportale/RegionePiemonte/PPR/circuiti_interesse_fruitivo.zip,true,667414,ok
r_piemon,r_piemon:fc8c9307-5085-4596-915a-591d5a3d615a,Ppr - Belvedere (tav. P4),planningCadastre,https://www.datigeo-piem-download.it/direct/Geoportale/RegionePiemonte/PPR/belvedere_upp.zip,true,10292,ok
p_to,cmto:df15c40c-c3c5-489b-a96a-825c06137404,Dati del Rapporto sullo stato del sistema di gestione dei rifiuti,environment,https://www.cittametropolitana.torino.it/cms/risorse/ambiente/dwd/geoportale/rifiuti/cmto_dati_rapporto_rifiuti.zip,true,134002,ok
r_piemon,r_piemon:74ba1e4d-d2f0-4885-85f9-acb5f144dd31,Ppr - Zone naturali di salvaguardia (tav. P5),planningCadastre,https://www.datigeo-piem-download.it/direct/Geoportale/RegionePiemonte/PPR/zone_naturali_di_salvaguardia.zip,true,94576,ok
r_piemon,r_piemon:d1a6011a-8e04-4642-a44b-f747f0ec0540,Ppr - Paesaggio d'alta quota (tav. P6),planningCadastre,https://www.datigeo-piem-download.it/direct/Geoportale/RegionePiemonte/PPR/alta_quota.zip,true,528504,ok
r_piemon,r_piemon:6d6caeb4-f58f-4c9c-ac1c-5d1366e3ee26,Reticolo idrografico regionale - DB Prior 10K  - Elementi idrici - STORICO,imageryBaseMapsEarthCover,https://www.datigeo-piem-download.it/direct/Geoportale/RegionePiemonte/DBPR10_ELEMIDRI/DBPrior_elemidri.zip,true,21900501,ok
p_bi,p_bi:2866417a-3548-4c58-bb83-cbeb92aa3416,Provincia di Biella - Limiti amministrativi,imageryBaseMapsEarthCover,https://www.provincia.biella.it/sit-e-cartografia/repertorio/consultazione/at2-elementi-topografici-di-base,false,0,err
r_piemon,r_piemon:884a2d4f-9fbf-4360-ae8c-615fe7db3302,Ppr - Infrastrutture e attrezzature turistiche per la montagna (tav. P4),planningCadastre,https://www.datigeo-piem-download.it/direct/Geoportale/RegionePiemonte/PPR/infrastrutture_turistiche_montagna.zip,true,31384,ok
c_001272,c_l219:a7fdc5f0-a3f9-434d-878e-c6b07e418102,Arte urbana - Toward2030,society,http://geoportale.comune.torino.it/geodati/zip/a_urbana_toward2030_geo.zip,true,12084,ok
c_001272,c_l219:a7fdc5f0-a3f9-434d-878e-c6b07e418102,Arte urbana - Toward2030,society,http://geoportale.comune.torino.it/geodati/zip/a_urbana_toward2030_csv.zip,true,1483,ok
r_piemon,r_piemon:5d3c8cfa-b098-4d50-a510-5786459bc673,Idrogeologia - Spessore dei litotipi impermeabili nella zona non satura 1:100.000,environment,https://www.datigeo-piem-download.it/direct/Geoportale/RegionePiemonte/Acqua/Spessore_litotipi_spess_acquif.zip,true,1753166,ok
r_piemon,r_piemon:5d3c8cfa-b098-4d50-a510-5786459bc673,Idrogeologia - Spessore dei litotipi impermeabili nella zona non satura 1:100.000,environment,https://www.datigeo-piem-download.it/direct/Geoportale/RegionePiemonte/Acqua/Idrogeologia_pianura_piemontese.pdf,true,2288182,ok
r_piemon,r_piemon:f8627c9e-de11-46f1-812f-3683c9ed464c,Ppr - Sistema degli ecomusei (tav. P5),planningCadastre,https://www.datigeo-piem-download.it/direct/Geoportale/RegionePiemonte/PPR/sistema_ecomusei.zip,true,4707,ok
r_piemon,r_piemon:1acddde1-f637-463c-9f45-31a2a60aebbd,Ambiti amministrativi - Comuni - 2016 Storico,boundaries,https://www.datigeo-piem-download.it/direct/Geoportale/RegionePiemonte/Limiti_amministrativi/Ambiti_amministrativi_comuni_serie_storica/AMBITI_AMMINISTRATIVI_COMUNI_2016.zip,true,9668292,ok
r_piemon,r_piemon:0d6fcd00-e6fe-44db-bd5d-1185e7f2ee57,Limiti amministrativi 1:100.000 - Area regionale - Storico,boundaries,https://www.datigeo-piem-download.it/direct/Geoportale/RegionePiemonte/Limiti_amministrativi/Regione100_STORICO.zip,true,167575,ok
r_piemon,r_piemon:3c0607ff-a651-42a6-ba8a-c8ec8c312f47,"Ppr - Aree urbanizzate, di espansione e relative pertinenze (tav. P5)",planningCadastre,https://www.datigeo-piem-download.it/direct/Geoportale/RegionePiemonte/PPR/aree_urbanizzate.zip,true,76856,ok
c_001272,c_l219:a985515a-f053-4010-ba9f-293e3ca7d535,Urbanistica - PRG Var. Geologica - Limite dell'area soggetta all'onda di piena per collasso dei bacini artificiali,planningCadastre,http://geoportale.comune.torino.it/sec/zip/limite_dell_area_soggetta_all_onda_di_piena_per_collasso_dei_bacini_artificiali.zip,true,8642,ok
r_piemon,r_piemon:bfe27486-2658-4ae4-ba6c-207f2cc1942c,Ppr - Aree ed elementi di specifico interesse geomorfologico e naturalistico (tav. P4),biota,https://www.datigeo-piem-download.it/direct/Geoportale/RegionePiemonte/PPR/elem_interesse_naturalistico_upp.zip,true,16211,ok
c_001272,c_l219:343e6aff-972c-4739-9774-adc8a3a72a88,Consultori,health,http://geoportale.comune.torino.it/geodati/zip/consultori_geo.zip,true,6803,ok
c_001272,c_l219:343e6aff-972c-4739-9774-adc8a3a72a88,Consultori,health,http://geoportale.comune.torino.it/geodati/zip/consultori_csv.zip,true,2107,ok
r_piemon,r_piemon:d98fc59a-61b9-4b8c-8c16-1568d3a92809,Ppr - Poli della religiosità (tav. P4),planningCadastre,https://www.datigeo-piem-download.it/direct/Geoportale/RegionePiemonte/PPR/poli_religiosita.zip,true,13052,ok
p_to,cmto:3aff0e39-b60f-4900-bff8-1931f1278a5f,CERONDA-CASTERNONE Alluvione 13-16/10/2000,geoscientificInformation,https://www.cittametropolitana.torino.it/sites/default/files/pagina/risorse/sit-cartografico/dwd/geoportale/dati_scaricabili/difesa_del_suolo/studi_idrogeologici/cerondacasternone/Stralcio_Relazione_Ceronda-Casternone_Alluvione2000.pdf,true,69359,ok
r_piemon,r_piemon:2bb551d2-bad8-488f-9070-07f5a65b5f11,TRAFFICO GIORNALIERO MEDIO E ALTRI DATI SVR 2019 SU ELEMENTO STRADALE BDTRE,transportation,https://www.datigeo-piem-download.it/direct/Geoportale/RegionePiemonte/TRASPORTI/DatiSVR2019_su_ElementoStradaleBDTRE.zip,true,83300151,ok
r_piemon,r_piemon:ad8d8f29-e5d3-4c47-93fe-5d3dcfbce434,Luoghi del Commercio,location,https://www.datigeo-piem-download.it/direct/Geoportale/RegionePiemonte/Commercio/luoghi_commercio.zip,true,7822,ok
p_to,cmto:6b154d5c-ee86-4592-b36b-03cd0a1a1c47,Impianti autorizzati al recupero di rifiuti - puntuale,environment,https://eds.cittametropolitana.torino.it/geoportale/SHP_INT_REC.php,true,94999,ok
r_piemon,r_piemon:eacd5448-beae-4547-b6b0-39b6afe58c31,Ppr - Presenza stratificata di sistemi irrigui (tav. P4),planningCadastre,https://www.datigeo-piem-download.it/direct/Geoportale/RegionePiemonte/PPR/presenza_sistemi_irrigui.zip,true,69001,ok
p_to,cmto:8cb6a410-9a01-4684-aa9e-3270e19ac538,PTC 2 - Centri commerciali,utilitiesCommunication,https://www.cittametropolitana.torino.it/sites/default/files/pagina/risorse/territorio/dwd/pianificazione-territoriale/ptc2/shape_tavole/tav22/centri_commerciali.zip,true,25929,ok
p_to,cmto:a18993be-26ce-46cf-b44c-399e5013475a,PTC 2 - Ambiti produttivi,economy,https://www.cittametropolitana.torino.it/sites/default/files/pagina/risorse/territorio/dwd/pianificazione-territoriale/ptc2/shape_tavole/tav22/areali_strategici.zip,true,93289,ok
r_piemon,r_piemon:8adb42c0-a8c5-4e1b-aabd-833ded0ceaa1,ALLESTIMENTO CARTOGRAFICO DI RIFERIMENTO BDTRE 2026 BN 1bit 1:50.000,imageryBaseMapsEarthCover,https://www.geoportale.piemonte.it/visregpigo/?action-type=dwl&url=https://geoservices.csi.it/ms/wms/bdtre/rp-01/bdtrewms/wms_griglia_scaricogp?service=WMS&version=1.3&request=getCapabilities&title=Scarico%20-%20Allestimento%201:50.000%20BDTRE%202026&layer=scBD3fg50,true,18993,ok
r_piemon,r_piemon:caa23b9b-ea82-4dca-a838-732b1b948f0e,TRAFFICO GIORNALIERO MEDIO E ALTRI DATI SVR 2024 SU ELEMENTO STRADALE BDTRE,transportation,https://www.datigeo-piem-download.it/direct/Geoportale/RegionePiemonte/TRASPORTI/DatiSVR2024_su_ElementoStradaleBDTRE.zip,true,81527617,ok
p_to,cmto:aae02c7a-3e58-4a59-b11a-a7e033f2987e,P.P. COLLINA DI PINEROLO (P. DEFINITIVO) - Schede relative al patrimonio storico-artistico-architettonico e culturale-documentario,planningCadastre,https://www.cittametropolitana.torino.it/cms/risorse/sit-cartografico/dwd/beni/paesaggio/ppcpinerolo/schede.pdf,true,134002,ok
r_piemon,r_piemon:ca06f6de-8bf1-4478-9ac9-4bce8ba6658e,Ppr - Strade principali (tavv. P2-P5-P6),planningCadastre,https://www.datigeo-piem-download.it/direct/Geoportale/RegionePiemonte/PPR/strade_principali_mar2010.zip,true,224165,ok
r_piemon,r_piemon:2d7a4c64-79d9-435b-b738-602232c910db,Vini – indicazione dell’idoneità alla D.O. su mosaicatura catastale di riferimento regionale 2022,farming,https://www.datigeo-piem-download.it/direct/Geoportale/RegionePiemonte/AGRICOLTURA/ViniVitigni/IDONEITA_PRODUZIONE_VINO_DO_2022-EPSG32632-GPKG.zip,true,32519983,ok
p_bi,p_bi:5f41dac2-6e23-4f80-880e-8c1e666a5a95,Provincia di Biella - PTPv1 - Rete ferroviaria,planningCadastre,https://www.provincia.biella.it/repertorio/consultazione/at8-strumenti-di-pianificazione/igt-u-carta-degli-indirizzi-di-governo-del,false,0,err
p_bi,p_bi:5f41dac2-6e23-4f80-880e-8c1e666a5a95,Provincia di Biella - PTPv1 - Rete ferroviaria,planningCadastre,https://www.provincia.biella.it/repertorio/consultazione/at8-strumenti-di-pianificazione/igt-f-politiche-territoriali-della,false,0,err
p_bi,p_bi:5f41dac2-6e23-4f80-880e-8c1e666a5a95,Provincia di Biella - PTPv1 - Rete ferroviaria,planningCadastre,https://www.provincia.biella.it/repertorio/consultazione/at8-strumenti-di-pianificazione/igt-politiche-lassetto-del-sistema,false,0,err
p_to,arlpa_to:07.03.19-D_2014-09-19-14:45,Arpa Piemonte - Conoidi alluvionali in Piemonte,geoscientificInformation,http://webgis.arpa.piemonte.it/w-metadoc/Download/conoidi_piemonte.zip,true,3512669,ok
p_to,cmto:d9822b53-10fa-4072-b239-c1935f315dc9,Scarichi industriali provenienti da insediamenti produttivi - puntuale,environment,https://eds.cittametropolitana.torino.it/geoportale/SHP_INT_SCARICHI.php,true,160935,ok
p_to,cmto:cb755b62-0171-4a55-8f52-9862ea16bdf3,PTC 2 - Ambiti diffusione urbana,planningCadastre,https://www.cittametropolitana.torino.it/sites/default/files/pagina/risorse/territorio/dwd/pianificazione-territoriale/ptc2/shape_tavole/tav21/diff_urbana_ptcp2_point.zip,true,25193,ok
c_001272,c_l219:f4159952-a5ea-4797-9030-43701347898a,Piano del commercio - Sistemi,planningCadastre,http://geoportale.comune.torino.it/sec/zip/sistemi.zip,true,55340,ok
r_piemon,r_piemon:4647f5d5-ed39-428d-a84b-8916e77e8f4c,Land Cover Piemonte: Classificazione uso del suolo 2010 (raster) - STORICO,geoscientificInformation,https://www.geoportale.piemonte.it/visregpigo/?action-type=dwl&url=https://geomap.reteunitaria.piemonte.it/ws/taims/rp-01/taimsscaricogp/wms_scaricogp?service=WMS&version=1.3&request=getCapabilities&title=Scarico%20-%20Land%20Cover%20Piemonte%202010%20storico&layer=scLCP2010,true,18993,ok
p_bi,p_bi:a2fcd8d4-94c5-4bc4-81c8-9cb586e5c88a,Provincia di Biella - fermate autobus,transportation,https://www.provincia.biella.it/sit-e-cartografia/repertorio/consultazione/at7-mobilita-e-trasporti,false,0,err
p_bi,p_bi:48e483a4-5322-459c-8eee-c8f8899bf6d5,Provincia di Biella - PTPv1 - Boschi e foreste,planningCadastre,https://www.provincia.biella.it/repertorio/consultazione/at8-strumenti-di-pianificazione/ctp-pae-sensibilita-paesistiche-e,false,0,err
r_piemon,r_piemon:9c8e61b7-77d1-4f44-a560-a7298811a50f,Aree Specifiche su cui applicare misure di tutela delle acque dall’inquinamento da prodotti fitosanitari,environment,https://www.datigeo-piem-download.it/direct/Geoportale/RegionePiemonte/Ambiente/AreeFitosanitari/Aree_specifiche_fitosanitari_2022_def.zip,true,1385290,ok
c_001272,c_l219:84821328-30d7-4d80-90f5-0b3d89d7e793,Urbanistica - PRG ZUCS - Edifici della ZUCS,planningCadastre,http://geoportale.comune.torino.it/sec/zip/edifici_della_zucs.zip,true,642819,ok
r_piemon,r_piemon:2c888713-43b5-4268-96f7-3be1a772f6ad,Ppr - SIC e ZSC (tav. P5),planningCadastre,https://www.datigeo-piem-download.it/direct/Geoportale/RegionePiemonte/PPR/sic_wgs84.zip,true,673211,ok
r_piemon,r_piemon:d01ec080-bc38-4142-9813-8ab8281e9a83,Ppr - Paesaggio fluviale e lacuale (tav. P6),planningCadastre,https://www.datigeo-piem-download.it/direct/Geoportale/RegionePiemonte/PPR/fasce_fluviali.zip,true,180674,ok
c_001272,c_l219:74994f07-90e7-4b3a-b527-7a03617eaa52,Urbanistica - PRG ZUCS - Edifici con androni,planningCadastre,http://geoportale.comune.torino.it/sec/zip/edifici_con_androni.zip,true,176011,ok
r_piemon,r_piemon:02ead17a-e5de-4f1e-8a15-124d1c0bc1b4,"Rete ecologica della Provincia di Biella: Carta degli habitat, Aree di Valore Ecologico (AVE) e Carta della connettività ecologica (FRAGM)",biota,https://www.datigeo-piem-download.it/direct/Geoportale/RegionePiemonte/ReteEcologica/Biella_elementi_rete_progetto.zip,true,197249381,ok
r_piemon,r_piemon:02ead17a-e5de-4f1e-8a15-124d1c0bc1b4,"Rete ecologica della Provincia di Biella: Carta degli habitat, Aree di Valore Ecologico (AVE) e Carta della connettività ecologica (FRAGM)",biota,https://www.datigeo-piem-download.it/direct/Geoportale/RegionePiemonte/ReteEcologica/Biella_elementi_rete_gpkg.zip,true,197073342,ok
r_piemon,r_piemon:3b5b81c5-5ecd-4887-9410-aa019d2159ba,BDTRE - Informazioni geodetiche e fotogrammetriche,imageryBaseMapsEarthCover,https://www.datigeo-piem-download.it/direct/Geoportale/RegionePiemonte/V_RETE/monografie_raffittimento.zip,true,197281896,ok
r_piemon,r_piemon:eb90ca2f-66cd-40cf-ab57-99ae40d7efde,Comprensori di irrigazione,farming,https://www.datigeo-piem-download.it/direct/Geoportale/RegionePiemonte/AGRICOLTURA/SIBI/comprensori.zip,true,1040244,ok
p_to,cmto:811f6048-35d1-4051-bc39-a9e62c1d65a5,P.P. COLLINA DI PINEROLO (P. DEFINITIVO) - Relazione di compatibilità ambientale,planningCadastre,https://www.cittametropolitana.torino.it/cms/risorse/sit-cartografico/dwd/beni/paesaggio/ppcpinerolo/relazione_a.pdf,true,134002,ok
p_to,cmto:8e3f2d21-f5b0-4ded-8e7a-ee3bff358611,Campagne di monitoraggio della qualità dell'aria effettuate con il laboratorio mobile,environment,https://www.cittametropolitana.torino.it/cms/risorse/ambiente/dwd/geoportale/qualita-aria/cmto_campagne_monitoraggio_aria.zip,true,134002,ok
p_to,cmto:98e501d0-6ce4-4e2e-8cbe-763eb1e9e89a,PTC 2 - PIANO TERRITORIALE DI COORDINAMENTO - TAVOLA 4.2,planningCadastre,https://www.cittametropolitana.torino.it/sites/default/files/pagina/risorse/territorio/dwd/pianificazione-territoriale/ptc2/tav_4-2_gerarchie.pdf,true,3436181,ok
c_001272,c_l219:5cc34843-08e7-40d6-a807-eb75d6578390,Catasto Terreni 1:1000 - Fogli di mappa,planningCadastre,http://geoportale.comune.torino.it/sec/zip/fogli.zip,true,713009,ok
r_piemon,r_piemon:0d2e20da-8df3-4e93-ba28-8f76c1b68df7,Pratiche Locali Tradizionali di pascolamento (PLT),farming,https://www.datigeo-piem-download.it/direct/Geoportale/RegionePiemonte/AGRICOLTURA/PLT/plt_piemonte.zip,true,299753624,ok
c_001272,c_l219:5b504285-b4b5-4628-a9bb-c5648e42b69c,Consolati,society,http://geoportale.comune.torino.it/geodati/zip/consolati_geo.zip,true,8266,ok
c_001272,c_l219:5b504285-b4b5-4628-a9bb-c5648e42b69c,Consolati,society,http://geoportale.comune.torino.it/geodati/zip/consolati_csv.zip,true,3841,ok
p_to,cmto:ba3fd399-99f8-43cb-8ed4-f47ef100b05a,SANGONE Alluvione 13-16/10/2000,geoscientificInformation,https://www.cittametropolitana.torino.it/sites/default/files/pagina/risorse/sit-cartografico/dwd/geoportale/dati_scaricabili/difesa_del_suolo/studi_idrogeologici/sangone/Relazione_Sangone_Alluvione2000.pdf,true,3602045,ok
p_to,arlpa_to:01.02.12-D_2011-06-21-16:23,Arpa Piemonte - Balneazione in Piemonte - bollettino (15 maggio-30 settembre),inlandWaters,https://webgis.arpa.piemonte.it/w-metadoc/Download/balneazione.zip,true,195106,ok
r_piemon,r_piemon:958c5430-fdb2-4f16-a5b8-55708e919998,Impianti di depurazione delle acque reflue urbane - SIRI,environment,http://www.regione.piemonte.it/siriw/cartografia/mappastart.do,true,15248,ok
r_piemon,r_piemon:d20faf89-4a7b-4c2a-9508-e5bc93b9162a,CTRN vettoriale 1:10.000 (1991-2005) - Punti quotati,elevation,https://www.geoportale.piemonte.it/visregpigo/?action-type=dwl&url=https://geomap.reteunitaria.piemonte.it/ws/taims/rp-01/taimsscaricogp/wms_scaricogp?service=WMS&version=1.3&request=getCapabilities&title=Scarico%20-%20CTRN%20vettoriale%201:10.000%20(1991-2005)%20-%20Altimetria&layer=scCTRNAltimetria,true,18993,ok
p_bi,p_bi:d4dde04b-1316-45ab-aeb4-60b5c7d60eec,Provincia di Biella - Proprietà pubbliche,environment,https://www.provincia.biella.it/sit-e-cartografia/repertorio/consultazione/at6-matrice-ambientale,false,0,err
r_piemon,r_piemon:18895034-1059-47cd-95de-c858070d3aa3,Inventario Regionale delle Emissioni in Atmosfera (IREA),climatologyMeteorologyAtmosphere,https://servizi.regione.piemonte.it/catalogo/inventario-regionale-delle-emissioni-atmosfera-irea,true,25842,ok
p_to,cmto:bcc50156-26b5-4a2a-a8c1-f4962af1b6f9,Zone di protezione speciale (ZPS) del Piano Faunistico Venatorio - poligonale,environment,\\smbsrv1.provincia.torino.it\arcdati\sitad\agricoltura_e_foreste\fauna_e_flora\piano_faunistico\istituti_protezione_polyg.shp,false,0,skip_notthttp
r_piemon,r_piemon:a7849aaa-dbb3-46c0-bfe6-9d9d4b1fa251,Vertici trigonometrici - storico,imageryBaseMapsEarthCover,https://www.datigeo-piem-download.it/direct/Geoportale/RegionePiemonte/Punti_trigonometrici/VERTICI_TRIGONOMETRICI_storico.zip,true,171235,ok
r_piemon,r_piemon:ddea8995-ac14-458d-86e3-3689e1d58ed9,ALLESTIMENTO CARTOGRAFICO DI RIFERIMENTO BDTRE 2024 B/N 1:10.000,imageryBaseMapsEarthCover,https://www.geoportale.piemonte.it/visregpigo/?action-type=dwl&url=https://geoservices.csi.it/ms/wms/bdtre/rp-01/bdtrewms/wms_griglia_scaricogp?service=WMS&version=1.3&request=getCapabilities&title=Scarico%20-%20Allestimento%201:10.000%20BDTRE%202024&layer=scBD3CTR,true,18993,ok
r_piemon,r_piemon:e938629e-36f8-4d9a-9e0b-50cff57f2a0e,Ppr - Nodi principali (tav. P5),planningCadastre,https://www.datigeo-piem-download.it/direct/Geoportale/RegionePiemonte/PPR/nodi_principali_poligono_unico.zip,true,1972329,ok
p_to,cmto:517a3f5e-6b03-4df6-827f-d30b364184e6,PTC 2 - PIANO TERRITORIALE DI COORDINAMENTO - TAVOLA 4.1,planningCadastre,https://www.cittametropolitana.torino.it/sites/default/files/pagina/risorse/territorio/dwd/pianificazione-territoriale/ptc2/tav_4-1_infrastrutture.pdf,true,3214956,ok
c_001272,c_l219:306dff0d-5ee4-4a22-82b2-d714d4d419f8,Attività commerciali,economy,http://geoportale.comune.torino.it/geodati/zip/attivita_commerciali_geo.zip,true,1856364,ok
c_001272,c_l219:306dff0d-5ee4-4a22-82b2-d714d4d419f8,Attività commerciali,economy,http://geoportale.comune.torino.it/geodati/zip/attivita_commerciali_dwg.zip,true,650076,ok
c_001272,c_l219:306dff0d-5ee4-4a22-82b2-d714d4d419f8,Attività commerciali,economy,http://geoportale.comune.torino.it/geodati/zip/attivita_commerciali_csv.zip,true,1206800,ok
c_001272,c_l219:306dff0d-5ee4-4a22-82b2-d714d4d419f8,Attività commerciali,economy,http://geoportale.comune.torino.it/sec/zip/attivita_commerciali.zip,true,2525162,ok
c_001272,c_l219:d891d076-4137-4b59-acec-78ef90a295a4,Urbanistica - PRG ZUCS - Tessuti urbani,planningCadastre,http://geoportale.comune.torino.it/sec/zip/tessuti_urbani.zip,true,36214,ok
p_to,cmto:fe1ab542-5093-40c4-9c31-5b5bf9bbe17f,PTC 2 - Aree storico-culturali,society,https://www.cittametropolitana.torino.it/sites/default/files/pagina/risorse/territorio/dwd/pianificazione-territoriale/ptc2/shape_tavole/tav32/aree_storico_culturali_census.zip,true,416162,ok
r_piemon,r_piemon:5622f663-f9c2-4b55-95af-3076f0a79eba,Ppr - Percorsi ciclo-pedonali (tav. P5),planningCadastre,https://www.datigeo-piem-download.it/direct/Geoportale/RegionePiemonte/PPR/percorsi_ciclo_pedonali.zip,true,91107,ok
p_to,cmto:2e56407f-96dd-4eca-ba94-242c369b69f1,P.P. COLLINA DI PINEROLO (P. DEFINITIVO) - Allegato 1 (Elementi caratterizzanti il Sistema Naturale),planningCadastre,https://www.cittametropolitana.torino.it/cms/risorse/sit-cartografico/dwd/beni/paesaggio/ppcpinerolo/allegato1.pdf,true,134002,ok
p_to,cmto:9c218ba1-34f3-4b74-832d-2d45524c75a8,PTC 2 - Aree protette nazionali e regionali istituite,environment,https://www.cittametropolitana.torino.it/sites/default/files/pagina/risorse/territorio/dwd/pianificazione-territoriale/ptc2/shape_tavole/tav31/aree_prot_istituite_l19.zip,true,1510892,ok
p_bi,p_bi:55564374-d98e-466f-affc-68eee327f265,Provincia di Biella - PTPv1 - Riserve naturali,planningCadastre,https://www.provincia.biella.it/repertorio/consultazione/at8-strumenti-di-pianificazione/ctp-pae-sensibilita-paesistiche-e,false,0,err
p_bi,p_bi:55564374-d98e-466f-affc-68eee327f265,Provincia di Biella - PTPv1 - Riserve naturali,planningCadastre,https://www.provincia.biella.it/repertorio/consultazione/at8-strumenti-di-pianificazione/igt-u-carta-degli-indirizzi-di-governo-del,false,0,err
p_bi,p_bi:55564374-d98e-466f-affc-68eee327f265,Provincia di Biella - PTPv1 - Riserve naturali,planningCadastre,https://www.provincia.biella.it/repertorio/consultazione/at8-strumenti-di-pianificazione/igt-f-politiche-territoriali-della,false,0,err
p_bi,p_bi:38b27975-84a4-4872-9408-116ddfa41472,Provincia di Biella - PTPv1 - Biotopi e SIC,planningCadastre,https://www.provincia.biella.it/repertorio/consultazione/at8-strumenti-di-pianificazione/ctp-pae-sensibilita-paesistiche-e,false,0,err
p_bi,p_bi:38b27975-84a4-4872-9408-116ddfa41472,Provincia di Biella - PTPv1 - Biotopi e SIC,planningCadastre,https://www.provincia.biella.it/repertorio/consultazione/at8-strumenti-di-pianificazione/igt-f-politiche-territoriali-della,false,0,err
p_to,cmto:c88b0737-355f-4185-93dc-5be5667fc994,PTC 2 - Scuole superiori statali,utilitiesCommunication,https://www.cittametropolitana.torino.it/sites/default/files/pagina/risorse/territorio/dwd/pianificazione-territoriale/ptc2/shape_tavole/tav21/scuole_superiori_statali.zip,true,38335,ok
r_piemon,r_piemon:ca3edd9c-15a4-4571-bbb2-e1074e6364b2,"Rete ecologica della Provincia di Novara: carta degli habitat, carta della connettività ecologica, aree di valore ecologico (AVE) , aree sorgente ed elementi di connessione",biota,https://www.datigeo-piem-download.it/direct/Geoportale/RegionePiemonte/ReteEcologica/novara_elementi_rete_gpkg.zip,true,9607347,ok
r_piemon,r_piemon:ca3edd9c-15a4-4571-bbb2-e1074e6364b2,"Rete ecologica della Provincia di Novara: carta degli habitat, carta della connettività ecologica, aree di valore ecologico (AVE) , aree sorgente ed elementi di connessione",biota,https://www.datigeo-piem-download.it/direct/Geoportale/RegionePiemonte/ReteEcologica/novara_elementi_rete_progetto.zip,true,9644749,ok
r_piemon,r_piemon:c3382995-0db1-43bd-b674-8dae6dbba936,Ppr - Zona fluviale allargata (tav. P4),planningCadastre,https://www.datigeo-piem-download.it/direct/Geoportale/RegionePiemonte/PPR/zona_fluviale_allargata.zip,true,874285,ok
r_piemon,r_piemon:f0f8d77f-f39c-464f-b9c2-62bbcafe94f5,Vitigni su mosaicatura catastale di riferimento regionale 2024,farming,https://www.datigeo-piem-download.it/direct/Geoportale/RegionePiemonte/AGRICOLTURA/ViniVitigni/VITIGNI_2024-EPSG32632-GPKG.zip,true,32084805,ok
c_001272,c_l219:e1411511-554e-4ea0-a894-ab1082d88374,Urbanistica - PRG ZUCS - Fronti edifici della ZUCS,planningCadastre,http://geoportale.comune.torino.it/sec/zip/fronti_edifici_della_zucs.zip,true,178537,ok
p_to,cmto:bab0cfb9-ebe4-4b24-92c4-b87ce835cfac,Attività autorizzate per la gestione dei rifiuti inerti non pericolosi provenienti da operazioni di costruzione e demolizione edile - puntuale,environment,https://eds.cittametropolitana.torino.it/geoportale/SHP_INT_INERTI.php,true,100592,ok
p_bi,p_bi:a3015da3-50d6-49a8-accd-750f74ec0707,Provincia di Biella -  biopermeabilità,environment,https://www.provincia.biella.it/sit-e-cartografia/repertorio/consultazione/at6-matrice-ambientale,false,0,err
p_to,cmto:335bf80f-5b2e-47e7-aa48-632853203ba3,Trasformazione storica delle aree urbanizzate,imageryBaseMapsEarthCover,https://www.cittametropolitana.torino.it/sites/default/files/pagina/risorse/sit-cartografico/dwd/geoportale/dati_scaricabili/territorio/storico_aree_urb.zip,true,3776646,ok
r_piemon,r_piemon:3e53a420-55e3-4f7c-9814-771dec3643a4,TRAFFICO GIORNALIERO MEDIO 2015 SU ELEMENTO STRADALE BDTRE,transportation,https://www.datigeo-piem-download.it/direct/Geoportale/RegionePiemonte/TRASPORTI/TGM_su_ElementoStradaleBDTRE_2015.zip,true,86507403,ok
c_001272,c_l219:858276f4-d7c6-4275-a44c-7bd91584fbdb,Urbanistica - PRG Var. Geologica - Punti critici,planningCadastre,http://geoportale.comune.torino.it/sec/zip/punti_critici.zip,true,13836,ok
r_piemon,r_piemon:157fb527-c63a-46fe-94c6-71e06e339c38,Ppr - Altri siti di interesse naturalistico (tav. P5),planningCadastre,https://www.datigeo-piem-download.it/direct/Geoportale/RegionePiemonte/PPR/altri_siti_int_natural.zip,true,165299,ok
p_to,arlpa_to:01-05-01-D_2019-02-15_14:45,Arpa Piemonte - GEmMA - GEodatabase Morfologia corsi d'Acqua in Piemonte,geoscientificInformation,https://webgis.arpa.piemonte.it/w-metadoc/acqua/GEmMA/gemma.zip,true,51025353,ok
p_to,arlpa_to:07.03.01_ai-D_2013-10-08:14:38,Arpa Piemonte - BDGeo100 - Aree inondabili,geoscientificInformation,https://webgis.arpa.piemonte.it/w-metadoc/Download/BDGeo100_aree_inondabili.zip,true,1146885,ok
p_bi,p_bi:76bb10eb-a9ca-4585-8a54-3cebc1d371a1,Provincia di Biella - PTPv1 - Tessuti storici,planningCadastre,https://www.provincia.biella.it/repertorio/consultazione/at8-strumenti-di-pianificazione/ctp-pae-sensibilita-paesistiche-e,false,0,err
p_bi,p_bi:76bb10eb-a9ca-4585-8a54-3cebc1d371a1,Provincia di Biella - PTPv1 - Tessuti storici,planningCadastre,https://www.provincia.biella.it/repertorio/consultazione/at8-strumenti-di-pianificazione/igt-u-carta-degli-indirizzi-di-governo-del,false,0,err
p_to,cmto:b32249b7-7182-4e24-9359-603a6b2427cf,P.P. COLLINA DI PINEROLO (P. DEFINITIVO) - Allegato 5 (Unità Sceniche di Paesaggio - Schede),planningCadastre,https://www.cittametropolitana.torino.it/cms/risorse/sit-cartografico/dwd/beni/paesaggio/ppcpinerolo/allegato5.pdf,true,134002,ok
c_001272,c_l219:70eb17f9-3005-4986-8683-8e27a4a5d07f,Azzonamenti Elettorali - Collegi senatoriali,boundaries,http://geoportale.comune.torino.it/geodati/zip/collegi_senatoriali_geo.zip,true,26547,ok
c_001272,c_l219:70eb17f9-3005-4986-8683-8e27a4a5d07f,Azzonamenti Elettorali - Collegi senatoriali,boundaries,http://geoportale.comune.torino.it/geodati/zip/collegi_senatoriali_csv.zip,true,25606,ok
p_bi,p_bi:5c3bba3a-14aa-4ce2-8fdd-6bf8e80f0a8d,Provincia di Biella - PTPv1 - Dominante costruita,planningCadastre,https://www.provincia.biella.it/repertorio/consultazione/at8-strumenti-di-pianificazione/ctp-pae-sensibilita-paesistiche-e,false,0,err
p_bi,p_bi:5c3bba3a-14aa-4ce2-8fdd-6bf8e80f0a8d,Provincia di Biella - PTPv1 - Dominante costruita,planningCadastre,https://www.provincia.biella.it/repertorio/consultazione/at8-strumenti-di-pianificazione/igt-u-carta-degli-indirizzi-di-governo-del,false,0,err
p_bi,p_bi:5c3bba3a-14aa-4ce2-8fdd-6bf8e80f0a8d,Provincia di Biella - PTPv1 - Dominante costruita,planningCadastre,https://www.provincia.biella.it/repertorio/consultazione/at8-strumenti-di-pianificazione/igt-f-politiche-territoriali-della,false,0,err
p_bi,p_bi:5c3bba3a-14aa-4ce2-8fdd-6bf8e80f0a8d,Provincia di Biella - PTPv1 - Dominante costruita,planningCadastre,https://www.provincia.biella.it/repertorio/consultazione/at8-strumenti-di-pianificazione/igt-politiche-lassetto-del-sistema,false,0,err
r_piemon,r_piemon:39192f81-1dfd-4792-b0bb-7c19b3889637,Carta del carbonio organico nei suoli 1:250000,biota,https://www.datigeo-piem-download.it/direct/Geoportale/RegionePiemonte/AGRICOLTURA/CarteSuoli/Carta_carbonio_organico_nei_suoli_250k.zip,true,7416826,ok
r_piemon,r_piemon:771fd2ad-9079-4279-bf74-30566d705a86,Ppr - Relazioni visive tra insediamento e contesto SC3 (tav. P4),society,https://www.datigeo-piem-download.it/direct/Geoportale/RegionePiemonte/PPR/relaz_caratt_sc3_upp.zip,true,131326,ok
r_piemon,r_piemon:9c86309f-4e6a-43fc-ba47-4189dc908689,Ppr - Relazioni visive tra insediamento e contesto SC1 (tav. P4),planningCadastre,https://www.datigeo-piem-download.it/direct/Geoportale/RegionePiemonte/PPR/relaz_caratt_sc1_upp.zip,true,181735,ok
c_001272,c_l219:8045c82e-906a-4822-a3ee-98dea87d8ffd,Dati di base - Carta di sintesi - Aree,imageryBaseMapsEarthCover,http://geoportale.comune.torino.it/geodati/zip/carta_sintesi_geo.zip,true,599796,ok
c_001272,c_l219:8045c82e-906a-4822-a3ee-98dea87d8ffd,Dati di base - Carta di sintesi - Aree,imageryBaseMapsEarthCover,http://geoportale.comune.torino.it/geodati/zip/carta_sintesi_aree_dwg.zip,true,1267445,ok
p_to,arlpa_to:07.13.01-02-03-D_2014-03-03-11:00,Arpa Piemonte - Mappatura dell'amianto in natura,environment,https://webgis.arpa.piemonte.it/w-metadoc/Download/amianto_naturale.zip,true,12371574,ok
p_bi,p_bi:b1438d71-0a48-405e-bcdb-033b41fcc13d,Provincia di Biella - Osservatorio Urbanistico - destinazioni d'uso,planningCadastre,https://www.provincia.biella.it/sit-e-cartografia/repertorio/consultazione/at8-strumenti-di-pianificazione,false,0,err
r_piemon,r_piemon:4558131b-5cd8-4ade-9612-57aa2cf48656,Programma INTERREG Francia-Italia ALCOTRA - Piani Integrati TERerritoriali (PITER+) 2021-2027 - Strategie approvate e comuni aderenti,planningCadastre,https://www.datigeo-piem-download.it/direct/Geoportale/RegionePiemonte/PianiIntegratiTERritoriali/alcotra_piter_2021-27.zip,true,4513225,ok
r_piemon,r_piemon:c98fd472-a648-40a7-94c5-f4b1673eeef6,Ppr - Lettera e) circhi glaciali (tav. P2),planningCadastre,https://www.datigeo-piem-download.it/direct/Geoportale/RegionePiemonte/PPR/Lettera_e_circhi_glaciali.zip,true,826493,ok
r_piemon,r_piemon:b5d6a258-7d87-4ef1-b943-70521e244f72,CSR 2023-2027. Aree a rischio di asportazione della vegetazione arborea (Edizione 2025),inlandWaters,https://www.datigeo-piem-download.it/direct/Geoportale/RegionePiemonte/SIFOR/CSR_2023-2027_Aree_rischio_asportazione_veget_arborea_2025.gpkg,true,778240,ok
p_to,cmto:5b7f0dd2-a744-44ae-a45a-86c8938cd57f,STURA DI LANZO - Studio idrogeologico,geoscientificInformation,https://www.cittametropolitana.torino.it/sites/default/files/pagina/risorse/sit-cartografico/dwd/geoportale/dati_scaricabili/difesa_del_suolo/studi_idrogeologici/sturadilanzo/Stralcio_Relazione_studio_103a.pdf,true,8268599,ok
p_to,cmto:5b7f0dd2-a744-44ae-a45a-86c8938cd57f,STURA DI LANZO - Studio idrogeologico,geoscientificInformation,https://www.cittametropolitana.torino.it/sites/default/files/pagina/risorse/sit-cartografico/dwd/geoportale/dati_scaricabili/difesa_del_suolo/studi_idrogeologici/sturadilanzo/Stralcio_Relazione_studio_103b.pdf,true,7926085,ok
p_to,cmto:5b7f0dd2-a744-44ae-a45a-86c8938cd57f,STURA DI LANZO - Studio idrogeologico,geoscientificInformation,https://www.cittametropolitana.torino.it/sites/default/files/pagina/risorse/sit-cartografico/dwd/geoportale/dati_scaricabili/difesa_del_suolo/studi_idrogeologici/sturadilanzo/Relazione_studio_103c.pdf,true,13444897,ok
p_to,cmto:3c25099d-65b8-4074-a82f-439a5114ea83,Impianti di gestione dei rifiuti - puntuale,environment,https://eds.cittametropolitana.torino.it/geoportale/SHP_INT_SMAL.php,true,92123,ok
r_piemon,r_piemon:dd6ced79-d4e0-46e2-b925-7fc5abad5d63,Vini – indicazione dell’idoneità alla D.O. su mosaicatura catastale di riferimento regionale 2023,farming,https://www.datigeo-piem-download.it/direct/Geoportale/RegionePiemonte/AGRICOLTURA/ViniVitigni/IDONEITA_PRODUZIONE_VINO_DO_2023-EPSG32632-GPKG.zip,true,32873419,ok
r_piemon,r_piemon:c6831579-ced7-45fd-b062-8301f957eb8c,Quadro d'unione della CTR 1:250000,imageryBaseMapsEarthCover,https://www.datigeo-piem-download.it/direct/Geoportale/RegionePiemonte/Quadro_unione_CTR_250.000/QuadroUnione250.zip,true,12201368,ok
r_piemon,r_piemon:e2030d06-d80d-427e-ba6c-07ea20187bb3,Ppr - Varchi tra aree edificate (tav. P4),planningCadastre,https://www.datigeo-piem-download.it/direct/Geoportale/RegionePiemonte/PPR/varchi_tra_aree_edificate_upp.zip,true,30312,ok
r_piemon,r_piemon:bf9a567b-2b25-4b6e-945e-07a9344919e6,TRAFFICO GIORNALIERO MEDIO E ALTRI DATI SVR 2021 SU ELEMENTO STRADALE BDTRE,transportation,https://www.datigeo-piem-download.it/direct/Geoportale/RegionePiemonte/TRASPORTI/DatiSVR2021_su_ElementoStradaleBDTRE.zip,true,76503123,ok
r_piemon,r_piemon:7f6dc623-1559-439a-adac-dac7d28829ce,BDTRE - Vertice di rete (V_RETE),imageryBaseMapsEarthCover,https://www.datigeo-piem-download.it/direct/Geoportale/RegionePiemonte/V_RETE/monografie_raffittimento.zip,true,197281896,ok
c_001272,c_l219:1b92b466-d0e0-4ae7-8c99-3c622b7ef4f5,Strutture Socio Assistenziali,health,http://geoportale.comune.torino.it/geodati/zip/strutture_socio_assistenziali_geo.zip,true,13134,ok
c_001272,c_l219:1b92b466-d0e0-4ae7-8c99-3c622b7ef4f5,Strutture Socio Assistenziali,health,http://geoportale.comune.torino.it/geodati/zip/strutture_socio_assistenziali_dwg.zip,true,103242,ok
c_001272,c_l219:1b92b466-d0e0-4ae7-8c99-3c622b7ef4f5,Strutture Socio Assistenziali,health,http://geoportale.comune.torino.it/geodati/zip/strutture_socio_assistenziali_csv.zip,true,7477,ok
r_piemon,r_piemon:817ceda9-717b-4d89-b1af-bd50a5434faa,Ppr - ZPS (tav. P5),planningCadastre,https://www.datigeo-piem-download.it/direct/Geoportale/RegionePiemonte/PPR/zps_wgs84.zip,true,569922,ok
r_piemon,r_piemon:e3b22b4b-8cc3-4f6f-af5d-2f33e63245e1,Ppr - Fasce di connessione sovraregionale (frecce - tav. P5),planningCadastre,https://www.datigeo-piem-download.it/direct/Geoportale/RegionePiemonte/PPR/Fasce_di_connessione_sovraregionale_frecce.zip,true,62993,ok
r_piemon,r_piemon:89ff8ac8-6499-454d-bde8-7da6adb475c6,Rete ciclabile di interesse regionale di cui al Piano regionale della mobilità ciclistica 2023 (PRMC 2023),transportation,https://www.datigeo-piem-download.it/direct/Geoportale/RegionePiemonte/TRASPORTI/Rete_ciclabile_di_interesse_regionale.zip,true,1281563,ok
r_piemon,r_piemon:4c64dec6-755b-413b-8e47-f32babe83f53,Ppr - Bene ex L. 1497/1939 (punti - tav. P2),planningCadastre,https://www.datigeo-piem-download.it/direct/Geoportale/RegionePiemonte/PPR/Bene_ex_L_1497_39_punti.zip,true,4744,ok
c_001272,c_l219:bceb8d51-56b0-420d-a219-27c2f3e02431,Arte urbana - SAM Parco Michelotti,society,http://geoportale.comune.torino.it/geodati/zip/a_urbana_sam_geo.zip,true,11112,ok
c_001272,c_l219:bceb8d51-56b0-420d-a219-27c2f3e02431,Arte urbana - SAM Parco Michelotti,society,http://geoportale.comune.torino.it/geodati/zip/a_urbana_sam_csv.zip,true,1080,ok
p_to,arlpa_to:07-04-03-D_2011-06-07-10:10,Arpa Piemonte - Rete Regionale Controllo Movimenti Franosi (ReRCoMF),geoscientificInformation,https://webgis.arpa.piemonte.it/geodissesto/monitoraggi/monitoraggi.zip,true,0,ok
r_piemon,r_piemon:a0cda1ac-aac8-44b0-96f3-fa0acfadaa54,Ambiti amministrativi - Comuni - 2018 Storico,boundaries,https://www.datigeo-piem-download.it/direct/Geoportale/RegionePiemonte/Limiti_amministrativi/Ambiti_amministrativi_comuni_serie_storica/AMBITI_AMMINISTRATIVI_COMUNI_2018.zip,true,9650929,ok
r_piemon,r_piemon:44ddc85c-0a70-4ace-82b2-e2fee379abb3,Ppr - Lettera f) parchi (tav. P2),planningCadastre,https://www.datigeo-piem-download.it/direct/Geoportale/RegionePiemonte/PPR/Lettera_f_parchi.zip,true,790046,ok
r_piemon,r_piemon:c576aa74-73c1-44c9-941f-83df2120136a,Ambiti amministrativi - Comuni - 2023 Storico,boundaries,https://www.datigeo-piem-download.it/direct/Geoportale/RegionePiemonte/Limiti_amministrativi/Ambiti_amministrativi_comuni_serie_storica/AMBITI_AMMINISTRATIVI_COMUNI_2023.zip,true,9610263,ok
c_001272,c_l219:8e83ba74-baae-49bb-93c5-b617ada55bc8,Cartografia in scarico - PRG - fogli 1:5000,imageryBaseMapsEarthCover,http://geoportale.comune.torino.it/geodati/zip/prg_fogli_5000_csv.zip,true,2569,ok
c_001272,c_l219:8e83ba74-baae-49bb-93c5-b617ada55bc8,Cartografia in scarico - PRG - fogli 1:5000,imageryBaseMapsEarthCover,http://geoportale.comune.torino.it/geodati/zip/prg_fogli_5000_geo.zip,true,10188,ok
p_to,cmto:9b63f719-ed4c-41c1-be4a-92543566ef78,PELLICE Alluvione 13-16/10/2000,geoscientificInformation,https://www.cittametropolitana.torino.it/sites/default/files/pagina/risorse/sit-cartografico/dwd/geoportale/dati_scaricabili/difesa_del_suolo/studi_idrogeologici/pellice/Relazione_Pellice_Alluvione2000.pdf,true,3943312,ok
p_to,cmto:39a5b361-5de9-4a2c-bef9-3b1f6e150bdd,P.P. COLLINA DI PINEROLO (P. DEFINITIVO) - Allegato 3 (Ambiti Omogenei di Paesaggio - Schede),planningCadastre,https://www.cittametropolitana.torino.it/cms/risorse/sit-cartografico/dwd/beni/paesaggio/ppcpinerolo/allegato3.pdf,true,134002,ok
r_piemon,r_piemon:b33fd019-65dc-4dad-a426-b104901b9c73,Ppr - Lettera c) fasce fluviali (tav. P2 - AGGIORNAMENTO 2026),planningCadastre,https://www.datigeo-piem-download.it/direct/Geoportale/RegionePiemonte/PPR/Lettera_c_fasce_fluviali.zip,true,10117349,ok
r_piemon,r_piemon:7a9768c1-fd24-498e-b9f3-9c9323afc6b9,Carta dei boschi pascolabili PGF - Piani di gestione forestale (ex PFA),planningCadastre,https://www.datigeo-piem-download.it/direct/Geoportale/RegionePiemonte/SIFOR/carta_boschi_pascolabili_PGF.gpkg,true,80187392,ok
r_piemon,r_piemon:95aed80b-69d3-452a-9635-bae4f498227b,Vitigni su mosaicatura catastale di riferimento regionale 2023,farming,https://www.datigeo-piem-download.it/direct/Geoportale/RegionePiemonte/AGRICOLTURA/ViniVitigni/VITIGNI_2023-EPSG32632-GPKG.zip,true,32737237,ok
p_to,cmto:3bd46895-3158-4354-916d-545b7739c8db,Mosaico dei PRGC della città metropolitana di Torino,planningCadastre,https://www.cittametropolitana.torino.it/sites/default/files/pagina/risorse/sit-cartografico/dwd/geoportale/dati_scaricabili/mprg/MPRG_INFO.zip,true,306315,ok
p_bi,p_bi:8f12b9e9-9e91-4bc4-9d12-f106f6a37964,Provincia di Biella - PTPv1 - Paesaggi interesse,planningCadastre,https://www.provincia.biella.it/repertorio/consultazione/at8-strumenti-di-pianificazione/ctp-pae-sensibilita-paesistiche-e,false,0,err
p_bi,p_bi:8f12b9e9-9e91-4bc4-9d12-f106f6a37964,Provincia di Biella - PTPv1 - Paesaggi interesse,planningCadastre,https://www.provincia.biella.it/repertorio/consultazione/at8-strumenti-di-pianificazione/igt-politiche-lassetto-del-sistema,false,0,err
r_piemon,r_piemon:23008e37-7d24-4fa0-a25e-f0370628c1af,Ppr - Zona fluviale interna (tav. P4 - AGGIORNAMENTO 2026),planningCadastre,https://www.datigeo-piem-download.it/direct/Geoportale/RegionePiemonte/PPR/zona_fluviale_interna.zip,true,9631236,ok
r_piemon,r_piemon:2608cb54-21b3-4c34-bede-e251bd08f729,Ppr - Contesti dei nodi (tav. P5),planningCadastre,https://www.datigeo-piem-download.it/direct/Geoportale/RegionePiemonte/PPR/contesti_nodi.zip,true,1338226,ok
r_piemon,r_piemon:4ba5287d-0c81-4729-84b9-906ad5ccb173,Idrografia 1:100.000 - Laghi  - Storico,inlandWaters,https://www.datigeo-piem-download.it/direct/Geoportale/RegionePiemonte/Idrografia/Idro100-laghi.zip,true,1808345,ok
p_bi,p_bi:a4ce72c2-227f-49cf-a58b-7833c0e81fa2,Provincia di Biella - PTPv1 - Rete urbana,planningCadastre,https://www.provincia.biella.it/repertorio/consultazione/at8-strumenti-di-pianificazione/igt-u-carta-degli-indirizzi-di-governo-del,false,0,err
r_piemon,r_piemon:8e90139a-3116-46cf-a569-480ef244e5de,Consorzi turistici riconosciuti ai sensi della L.R. 14/2016 (art. 18),economy,https://www.datigeo-piem-download.it/direct/Geoportale/RegionePiemonte/Turismo/consorzi_turistici/consorzi_turistici.zip,true,127080,ok
p_to,cmto:3e9df34b-073e-4d36-9f20-9828cd70220f,Trasformazione storica della viabilità ferroviaria,imageryBaseMapsEarthCover,https://www.cittametropolitana.torino.it/sites/default/files/pagina/risorse/sit-cartografico/dwd/geoportale/dati_scaricabili/territorio/storico_viab_f.zip,true,408824,ok
p_bi,p_bi:4c5dd4d8-25be-449b-b5a8-96c32cd22498,Provincia di Biella - PTPv1 - RME,planningCadastre,https://www.provincia.biella.it/repertorio/consultazione/at8-strumenti-di-pianificazione/igt-s-inventario-degli-elementi-normativi,false,0,err
r_piemon,r_piemon:e331d313-aa9c-414d-b619-6b701481708f,"Rete ecologica della Provincia del Verbano Cusio Ossola: Carta degli habitat, Aree di Valore Ecologico (AVE) e Carta della connettività ecologica (FRAGM)",biota,https://www.datigeo-piem-download.it/direct/Geoportale/RegionePiemonte/ReteEcologica/VCO_elementi_rete_progetto.zip,true,142115862,ok
r_piemon,r_piemon:e331d313-aa9c-414d-b619-6b701481708f,"Rete ecologica della Provincia del Verbano Cusio Ossola: Carta degli habitat, Aree di Valore Ecologico (AVE) e Carta della connettività ecologica (FRAGM)",biota,https://www.datigeo-piem-download.it/direct/Geoportale/RegionePiemonte/ReteEcologica/VCO_elementi_rete_gpkg.zip,true,142082976,ok
p_to,arlpa_to:07.03.31-D_2013-05-17-15:37,Arpa Piemonte - Evento alluvionale del 13-16 Ottobre 2000,geoscientificInformation,https://webgis.arpa.piemonte.it/w-metadoc/Download/alluvioni/allu_2000.zip,true,13795597,ok
r_piemon,r_piemon:338e0ba0-01b1-48f2-8868-1ae35a4d304e,"Ppr - Praterie, prato-pascoli, cespuglieti (tav. P4)",biota,https://www.datigeo-piem-download.it/direct/Geoportale/RegionePiemonte/PPR/Praterie_prato-pascoli_cespuglieti.zip,true,53332798,ok
p_bi,p_bi:445c3441-5230-4c01-8e12-8022b55fa506,Provincia di Biella - articolazione territoriale,environment,https://www.provincia.biella.it/sit-e-cartografia/repertorio/consultazione/at6-matrice-ambientale,false,0,err
c_001272,c_l219:402a35e4-47af-4297-be86-836fd418811e,Dati di base - Carta Tecnica bianco e nero,imageryBaseMapsEarthCover,http://geoportale.comune.torino.it/sec/zip/carta_tecnica_bn.zip,true,101462867,ok
c_001272,c_l219:9fc01c43-6a35-41d0-a063-fff31fce90d9,Dati statistici - Circoscrizioni - Decessi,society,http://geoportale.comune.torino.it/geodati/zip/circoscrizioni_decessi_geo.zip,true,677826,ok
c_001272,c_l219:9fc01c43-6a35-41d0-a063-fff31fce90d9,Dati statistici - Circoscrizioni - Decessi,society,http://geoportale.comune.torino.it/geodati/zip/circoscrizioni_decessi_csv.zip,true,340941,ok
r_piemon,r_piemon:0d7c95ac-283a-4ed5-9d46-d0783293228e,Ptr - Ambiti di Integrazione Territoriale (AIT),planningCadastre,https://www.datigeo-piem-download.it/direct/Geoportale/RegionePiemonte/pianif/AIT.zip,true,1571073,ok
r_piemon,r_piemon:e01ff878-bea1-4b97-9ba6-436ef2685392,Superfici prato pascolive da Land Cover (edizione 2024),biota,https://www.datigeo-piem-download.it/direct/Geoportale/RegionePiemonte/SIFOR/afxx_pratopascoli.gpkg,true,221118464,ok
r_piemon,r_piemon:f97d3ac6-7e94-4ac9-98ea-09108a011db8,EDILIZIA SCOLASTICA - Edifici e Aree Scolastiche,society,https://www.datigeo-piem-download.it/direct/Geoportale/RegionePiemonte/Scuole/AREE_SCOLASTICHE_EDIFICI_SCOLASTICI.zip,true,1754172,ok
p_to,cmto:cdf51102-dc02-42a2-a8c5-d82c9af750eb,PTC 2 - Aree verdi urbane,utilitiesCommunication,https://www.cittametropolitana.torino.it/sites/default/files/pagina/risorse/territorio/dwd/pianificazione-territoriale/ptc2/shape_tavole/tav31/verde_urbano.zip,true,51820,ok
p_to,arlpa_to:07.03.24-D_2013-05-16-15:08,Arpa Piemonte - Evento alluvionale del 2-3 Novembre 1968,geoscientificInformation,http://webgis.arpa.piemonte.it/Web22/eventi_alluvionali/dati/Ev_Allu_1968.zip,true,1012102,ok
p_to,arlpa_to:07.03.24-D_2013-05-16-15:08,Arpa Piemonte - Evento alluvionale del 2-3 Novembre 1968,geoscientificInformation,http://webgis.arpa.piemonte.it/Web22/eventi_alluvionali/dati/Ev_Allu_1968_sqlite.zip,true,2670803,ok
r_piemon,r_piemon:8f0c3aec-717d-44f3-b3ce-e0815ed2b5ee,Distretti del Commercio,economy,https://www.datigeo-piem-download.it/direct/Geoportale/RegionePiemonte/Commercio/distretti_commercio.zip,true,5773400,ok
r_piemon,r_piemon:441795c3-56d3-4f08-a713-cce3a510918f,ALLESTIMENTO CARTOGRAFICO DI RIFERIMENTO BDTRE 2022 B/N 1:10.000,imageryBaseMapsEarthCover,https://www.geoportale.piemonte.it/visregpigo/?action-type=dwl&url=https://geoservices.csi.it/ms/wms/bdtre/rp-01/bdtrewms/wms_griglia_scaricogp?service=WMS&version=1.3&request=getCapabilities&title=Scarico%20-%20Allestimento%201:10.000%20BDTRE%202022&layer=scBD3CTR,true,18993,ok
r_piemon,r_piemon:ea8f8213-b4a0-492f-82c2-818faa0d199b,Ppr - Relazioni visive tra insediamento e contesto SC4 (tav. P4),society,https://www.datigeo-piem-download.it/direct/Geoportale/RegionePiemonte/PPR/relaz_caratt_sc4_upp.zip,true,211883,ok
p_to,arlpa_to:07-03-01_d_ca-D_2013-11-18:17:00,Arpa Piemonte - BDGeo100 - Danni ai centri abitati,geoscientificInformation,https://webgis.arpa.piemonte.it/w-metadoc/Download/BDGeo100_danni_centri_abitati.zip,true,201056,ok
p_to,arlpa_to:07-03-01_atp-D_2013-10-21:16:00,Arpa Piemonte - BDGeo100 - Alveo tipi e portate,geoscientificInformation,https://webgis.arpa.piemonte.it/w-metadoc/Download/BDGeo100_alveo_tipi_portate.zip,true,5596289,ok
c_001272,c_l219:de2cb3c1-0623-4da4-a56e-4bbe11b7d891,Urbanistica - PRG Var. Geologica - Ambiti corsi d'acqua,planningCadastre,http://geoportale.comune.torino.it/sec/zip/ambiti_corsi_acqua.zip,true,195769,ok
p_to,arlpa_to:12.02.20-D_2011-06-15-11:16,Arpa Piemonte - Radiazione solare - anno 2009 (da DTM con passo 50 metri),climatologyMeteorologyAtmosphere,https://webgis.arpa.piemonte.it/w-metadoc/Download/radiazione_solare.zip,true,625680763,ok
r_piemon,r_piemon:1849e0e7-ff8e-4fa9-9c22-2c1ced25d8d9,"Ppr - Ghiacciai, rocce e macereti (tav. P4)",elevation,https://www.datigeo-piem-download.it/direct/Geoportale/RegionePiemonte/PPR/Ghiacciai_rocce_macereti.zip,true,16214456,ok
p_bi,p_bi:9b5eb13a-0902-4ce6-9278-00d0928d17eb,Provincia di Biella - Sentieri,planningCadastre,https://www.provincia.biella.it/sit-e-cartografia/repertorio/consultazione/at5-sistema-funzionale-relazionale,false,0,err
p_to,cmto:de0ed8e3-0e41-4830-8905-e56c3a6706c1,PTC 2 - Progetti di sviluppo delle strutture universitarie,planningCadastre,https://www.cittametropolitana.torino.it/sites/default/files/pagina/risorse/territorio/dwd/pianificazione-territoriale/ptc2/shape_tavole/tav21/agg_universita.zip,true,20184,ok
r_piemon,r_piemon:80ba3b84-4430-4d69-a7a9-9935cc75763c,Ppr - Aree agricole in cui ricreare connettività diffusa (tav. P5),planningCadastre,https://www.datigeo-piem-download.it/direct/Geoportale/RegionePiemonte/PPR/aree_agricole_connettivita_diffusa.zip,true,492606,ok
c_001272,c_l219:9f16b5f1-1006-4640-b38a-9a36e83bb084,Azzonamenti Sanitari - ASL,boundaries,http://geoportale.comune.torino.it/geodati/zip/asl_geo.zip,true,28620,ok
c_001272,c_l219:9f16b5f1-1006-4640-b38a-9a36e83bb084,Azzonamenti Sanitari - ASL,boundaries,http://geoportale.comune.torino.it/geodati/zip/asl_csv.zip,true,23998,ok
c_001272,c_l219:394eba52-c888-43af-9599-a9ea560851d1,Mobilità - Aree pedonali,transportation,http://geoportale.comune.torino.it/geodati/zip/aree_pedonali_geo.zip,true,42596,ok
c_001272,c_l219:394eba52-c888-43af-9599-a9ea560851d1,Mobilità - Aree pedonali,transportation,http://geoportale.comune.torino.it/geodati/zip/aree_pedonali_csv.zip,true,37532,ok
r_piemon,r_piemon:41f71e8f-c7b8-43f4-a24b-2ee630b213f4,"Rete ecologica della Provincia di Vercelli: Carta degli habitat, Aree di Valore Ecologico (AVE) e Carta della connettività ecologica (FRAGM)",biota,https://www.datigeo-piem-download.it/direct/Geoportale/RegionePiemonte/ReteEcologica/Vercelli_elementi_rete_progetto.zip,true,208539153,ok
r_piemon,r_piemon:41f71e8f-c7b8-43f4-a24b-2ee630b213f4,"Rete ecologica della Provincia di Vercelli: Carta degli habitat, Aree di Valore Ecologico (AVE) e Carta della connettività ecologica (FRAGM)",biota,https://www.datigeo-piem-download.it/direct/Geoportale/RegionePiemonte/ReteEcologica/Vercelli_elementi_rete_gpkg.zip,true,208500897,ok
c_001272,c_l219:cbd02575-de8e-4a76-a35d-c0ae48cbfc9a,Microzone Censuarie,boundaries,http://geoportale.comune.torino.it/sec/zip/microzone_censuarie.zip,true,32881,ok
c_001272,c_l219:cbd02575-de8e-4a76-a35d-c0ae48cbfc9a,Microzone Censuarie,boundaries,http://geoportale.comune.torino.it/sec/zip/microzone_censuarie_csv.zip,true,31458,ok
c_001272,c_l219:8933e09b-2eab-4c71-965c-82b7375f6939,Luoghi,society,http://geoportale.comune.torino.it/geodati/zip/luoghi_geo.zip,true,5755,ok
c_001272,c_l219:8933e09b-2eab-4c71-965c-82b7375f6939,Luoghi,society,http://geoportale.comune.torino.it/geodati/zip/luoghi_csv.zip,true,1366,ok
r_piemon,r_piemon:ddd19734-b314-4ef5-80f0-851ab191b28f,Ambiti amministrativi - Comuni - 2019 Storico,boundaries,https://www.datigeo-piem-download.it/direct/Geoportale/RegionePiemonte/Limiti_amministrativi/Ambiti_amministrativi_comuni_serie_storica/AMBITI_AMMINISTRATIVI_COMUNI_2019.zip,true,9592196,ok
c_001272,c_l219:ee383fb3-03d2-4a3b-ae88-53e819157cf5,Arte urbana - MAU Borgo Campidoglio,society,http://geoportale.comune.torino.it/geodati/zip/a_urbana_mau_geo.zip,true,14803,ok
c_001272,c_l219:ee383fb3-03d2-4a3b-ae88-53e819157cf5,Arte urbana - MAU Borgo Campidoglio,society,http://geoportale.comune.torino.it/geodati/zip/a_urbana_mau_csv.zip,true,3306,ok
r_piemon,r_piemon:b8304564-165d-432a-9743-0ccb24d1f436,Ppr - Edificato (tavv. P2-P3-P6),planningCadastre,https://www.datigeo-piem-download.it/direct/Geoportale/RegionePiemonte/PPR/edif_WGS.zip,true,2041912,ok
p_bi,p_bi:e78d4d24-1e62-4e8c-a436-504d5ec41cf4,Provincia di Biella - PTPv1 - Poli di interesse,planningCadastre,https://www.provincia.biella.it/repertorio/consultazione/at8-strumenti-di-pianificazione/igt-f-politiche-territoriali-della,false,0,err
r_piemon,r_piemon:410e822f-7c59-40a4-98bc-4c3f4ffe2eab,Vitigni su mosaicatura catastale di riferimento regionale 2021,farming,https://www.datigeo-piem-download.it/direct/Geoportale/RegionePiemonte/AGRICOLTURA/ViniVitigni/VITIGNI_2021-EPSG32632-GPKG.zip,true,32721988,ok
p_to,arlpa_to:SSPC-D_2019-10-07-11:38,"Arpa Piemonte - SSPC, Programmazione dei controlli nelle aziende AIA",environment,https://webgis.arpa.piemonte.it/w-metadoc/Download/aziende_AIA.zip,true,204296,ok
c_001272,c_l219:7960df3d-9bb8-41e9-8c55-de79b88f9ef0,Azzonamenti Elettorali - Collegi camerali,boundaries,http://geoportale.comune.torino.it/geodati/zip/collegi_camerali_geo.zip,true,29213,ok
c_001272,c_l219:7960df3d-9bb8-41e9-8c55-de79b88f9ef0,Azzonamenti Elettorali - Collegi camerali,boundaries,http://geoportale.comune.torino.it/geodati/zip/collegi_camerali_csv.zip,true,26194,ok
p_bi,p_bi:dc5eb0d7-7de0-4b51-865d-a0ceb6dbf3e8,Provincia di Biella - PTPv1 - Ecomusei,planningCadastre,https://www.provincia.biella.it/repertorio/consultazione/at8-strumenti-di-pianificazione/igt-u-carta-degli-indirizzi-di-governo-del,false,0,err
p_bi,p_bi:c10ac6b6-aae3-42ff-ad30-bcc029c2b45e,Provincia di Biella - PTPv1 - Dorsali alpine,planningCadastre,https://www.provincia.biella.it/repertorio/consultazione/at8-strumenti-di-pianificazione/ctp-pae-sensibilita-paesistiche-e,false,0,err
r_piemon,r_piemon:af2f6ba1-3093-4160-8cc7-d004c4f5f962,Siti Rete Natura 2000,biota,https://www.regione.piemonte.it/web/temi/ambiente-territorio/biodiversita-aree-naturali/parchi/dati-alfanumerici-geografici-aree-protette,true,180924,ok
r_piemon,r_piemon:fb63b80d-d938-4b86-b803-4efd8d69ea92,Ppr - Torino e centri di I-II-III rango (tav. P4),planningCadastre,https://www.datigeo-piem-download.it/direct/Geoportale/RegionePiemonte/PPR/torino_e_centri_i_ii_iii_rango_upp.zip,true,25055,ok
p_bi,p_bi:95d2f6a0-b4bc-49eb-a3de-6c263dcd3b28,Provincia di Biella - PTPv1 - Architettura rurale di valore,planningCadastre,https://www.provincia.biella.it/repertorio/consultazione/at8-strumenti-di-pianificazione/igt-politiche-lassetto-del-sistema,false,0,err
c_001272,c_l219:ada59ea0-aec3-4ee5-bd38-a3568bb59f31,Carceri,society,http://geoportale.comune.torino.it/geodati/zip/carceri_geo.zip,true,19368,ok
c_001272,c_l219:ada59ea0-aec3-4ee5-bd38-a3568bb59f31,Carceri,society,http://geoportale.comune.torino.it/geodati/zip/carceri_csv.zip,true,659,ok
p_to,cmto:02432bc5-7b3c-495c-bab8-8562edba3cc6,PTC 2 - Residenze Sabaude,society,https://www.cittametropolitana.torino.it/sites/default/files/pagina/risorse/territorio/dwd/pianificazione-territoriale/ptc2/shape_tavole/tav32/r_sabaude.zip,true,19997,ok
r_piemon,r_piemon:167eb45f-ceb9-41eb-a7bb-5d501e5bad22,"Rete ecologica della Provincia di Cuneo: carta degli habitat, carta dell'uso del suolo, carta della connettività ecologica, aree di valore ecologico (AVE), aree sorgente ed elementi di connessione",biota,https://www.datigeo-piem-download.it/direct/Geoportale/RegionePiemonte/ReteEcologica/Cuneo_elementi_rete_progetto.zip,true,459533309,ok
r_piemon,r_piemon:167eb45f-ceb9-41eb-a7bb-5d501e5bad22,"Rete ecologica della Provincia di Cuneo: carta degli habitat, carta dell'uso del suolo, carta della connettività ecologica, aree di valore ecologico (AVE), aree sorgente ed elementi di connessione",biota,https://www.datigeo-piem-download.it/direct/Geoportale/RegionePiemonte/ReteEcologica/Cuneo_elementi_rete.zip,true,459419350,ok
p_to,cmto:7246e765-1190-4f5b-9555-5d30b14442ab,PTC 2 - Percorsi Turistico-Culturali,society,https://www.cittametropolitana.torino.it/sites/default/files/pagina/risorse/territorio/dwd/pianificazione-territoriale/ptc2/shape_tavole/tav32/percorsi_turistico_culturali.zip,true,108716,ok
r_piemon,r_piemon:c8f22fcb-7327-4edf-90a7-930ef36767a9,"Rete ecologica della Provincia di Asti: Carta degli habitat, Aree di Valore Ecologico (AVE) e Carta della connettività ecologica (FRAGM)",biota,https://www.datigeo-piem-download.it/direct/Geoportale/RegionePiemonte/ReteEcologica/Asti_elementi_rete_progetto.zip,true,563555525,ok
r_piemon,r_piemon:c8f22fcb-7327-4edf-90a7-930ef36767a9,"Rete ecologica della Provincia di Asti: Carta degli habitat, Aree di Valore Ecologico (AVE) e Carta della connettività ecologica (FRAGM)",biota,https://www.datigeo-piem-download.it/direct/Geoportale/RegionePiemonte/ReteEcologica/Asti_elementi_rete_gpkg.zip,true,63963136,ok
r_piemon,r_piemon:e6101520-d9df-4926-8543-6772d9679054,Ambiti amministrativi - Comuni - 2012 Storico,boundaries,https://www.datigeo-piem-download.it/direct/Geoportale/RegionePiemonte/Limiti_amministrativi/Ambiti_amministrativi_comuni_serie_storica/AMBITI_AMMINISTRATIVI_COMUNI_2012.zip,true,9732397,ok
p_to,cmto:342ae4f3-5783-4e95-97d9-d00a9dbccb05,PTC 2 - Aree periurbane,farming,https://www.cittametropolitana.torino.it/sites/default/files/pagina/risorse/territorio/dwd/pianificazione-territoriale/ptc2/shape_tavole/tav31/periurbano.zip,true,384991,ok
r_piemon,r_piemon:55618be0-ff8c-4090-aff8-40efc3a48af6,Vini – indicazione dell’idoneità alla D.O. su mosaicatura catastale di riferimento regionale 2025,farming,https://www.datigeo-piem-download.it/direct/Geoportale/RegionePiemonte/AGRICOLTURA/ViniVitigni/IDONEITA_PRODUZIONE_VINO_DO_2025-EPSG32632-GPKG.zip,true,32684056,ok
r_piemon,r_piemon:4d0dd64c-2b9e-4ea0-a073-f228e7f7b8ee,BDTRE 2016 - RASTER B/N 1:10.000,imageryBaseMapsEarthCover,https://www.geoportale.piemonte.it/visregpigo/?action-type=dwl&url=https://geoservices.csi.it/ms/wms/bdtre/rp-01/bdtrewms/wms_griglia_scaricogp?service=WMS&version=1.3&request=getCapabilities&title=Scarico%20-%20BDTRE%20raster%20b/n%201:10.000%20(2014-2019)&layer=scBD3CTRstor,true,18993,ok
r_piemon,r_piemon:d5add1c4-9ce6-41c3-a3df-6001267ec366,Ppr - Macroambiti di paesaggio (tav. P6),planningCadastre,https://www.datigeo-piem-download.it/direct/Geoportale/RegionePiemonte/PPR/Macroambiti.zip,true,1438351,ok
r_piemon,r_piemon:9d08b8b0-8c8c-483d-960f-b1991eab2de4,Ppr - Siti inseriti nella lista del Patrimonio Mondiale UNESCO: residenze sabaude (tav. P5),planningCadastre,https://www.datigeo-piem-download.it/direct/Geoportale/RegionePiemonte/PPR/residenze_sabaude.zip,true,53547,ok
c_001272,c_l219:8e114aad-98df-4de9-a873-efe16f33065a,Urbanistica - PRG ZUCS - Aree da trasformare,planningCadastre,http://geoportale.comune.torino.it/sec/zip/aree_da_trasformare.zip,true,11644,ok
p_bi,p_bi:3aab628e-c877-466e-8b5c-a681d7ea099e,Provincia di Biella - PTPv1 - Aree per il tempo libero,planningCadastre,https://www.provincia.biella.it/repertorio/consultazione/at8-strumenti-di-pianificazione/igt-f-politiche-territoriali-della,false,0,err
c_001272,c_l219:b82f8d4c-e80b-42b2-a450-a1a5d6e2a9fb,Teatri,society,http://geoportale.comune.torino.it/geodati/zip/teatri_geo.zip,true,19549,ok
c_001272,c_l219:b82f8d4c-e80b-42b2-a450-a1a5d6e2a9fb,Teatri,society,http://geoportale.comune.torino.it/geodati/zip/teatri_csv.zip,true,2520,ok
r_piemon,r_piemon:ae669219-2169-4c55-b063-eb37cb848102,Ppr - Assi prospettici (tav. P4),planningCadastre,https://www.datigeo-piem-download.it/direct/Geoportale/RegionePiemonte/PPR/assi_prospettici.zip,true,3159,ok
p_to,cmto:31bcc601-5549-4442-a495-32fe9fe42582,PTC 2 - Comuni in fabbisogno abitativo consistente,planningCadastre,https://www.cittametropolitana.torino.it/sites/default/files/pagina/risorse/territorio/dwd/pianificazione-territoriale/ptc2/shape_tavole/tav21/fabb_abitativo.zip,true,25012,ok
c_001272,c_l219:b83e2611-6f88-429b-b5de-b68b35da1d98,Urbanistica - PRG Var. Geologica - Classe di stabilita' III4,planningCadastre,http://geoportale.comune.torino.it/sec/zip/classe_di_stabilita_III4.zip,true,5463,ok
c_001272,c_l219:2b64149d-ab62-47d3-a506-1148f5be3fb5,Azzonamenti Elettorali - Collegi provinciali,boundaries,http://geoportale.comune.torino.it/geodati/zip/collegi_provinciali_csv.zip,true,105287,ok
c_001272,c_l219:2b64149d-ab62-47d3-a506-1148f5be3fb5,Azzonamenti Elettorali - Collegi provinciali,boundaries,http://geoportale.comune.torino.it/geodati/zip/collegi_provinciali_geo.zip,true,106065,ok
r_piemon,r_piemon:cbb6cf2a-7e64-4518-8858-585845917450,Ppr - Aree non montane a diffusa presenza di siepi e filari (tav. P4),planningCadastre,https://www.datigeo-piem-download.it/direct/Geoportale/RegionePiemonte/PPR/aree_non_montane_siepi_filari_upp.zip,true,303121,ok
r_piemon,r_piemon:7a49eefc-26de-4b10-a07a-7e435b605421,Aree soggette al divieto d’impiego di prodotti fitosanitari contenenti Bentazone ai sensi del DM 9 Marzo 2007,environment,https://www.datigeo-piem-download.it/direct/Geoportale/RegionePiemonte/Ambiente/AreeFitosanitari/Vincoli_DM_9_Marzo_2007.zip,true,10172820,ok
r_piemon,r_piemon:fbb7969f-9ad2-43c3-89aa-8e2eb9ddb307,TRAFFICO GIORNALIERO MEDIO 2019 SU ELEMENTO STRADALE BDTRE,transportation,https://www.datigeo-piem-download.it/direct/Geoportale/RegionePiemonte/TRASPORTI/TGM_su_ElementoStradaleBDTRE_2019.zip,true,80338148,ok
r_piemon,r_piemon:7bd5832c-909f-4eba-b237-b3f8ba49701b,Ppr - Aree libere di elevato valore paesaggistico e panoramico,planningCadastre,https://www.datigeo-piem-download.it/direct/Geoportale/RegionePiemonte/PPR/Aree_libere_elevato_valore_paes.zip,true,31941,ok
r_piemon,r_piemon:b65fc959-dfa5-4edd-991d-b6b9f638ab5b,Ppr - Lettera b) fasce lacuali (tav. P2) (AGGIORNAMENTO 2026),planningCadastre,https://www.datigeo-piem-download.it/direct/Geoportale/RegionePiemonte/PPR/Lettera_b_fasce_laghi.zip,true,981827,ok
r_piemon,r_piemon:f5970e1a-18a4-4630-b2f5-9e2a07363665,Ppr - Morfologia insediativa m.i. 15 (tav. P4),planningCadastre,https://www.datigeo-piem-download.it/direct/Geoportale/RegionePiemonte/PPR/Morfologia_insediativa_15.zip,true,277856,ok
c_001272,c_l219:7217ad13-a2b7-4eee-8f66-14678d0b6031,Urbanistica - PRG Azzonamento - Fronti di edifici caratterizzanti il tessuto storico,planningCadastre,http://geoportale.comune.torino.it/sec/zip/fronti_di_edifici_caratterizzanti_il_tessuto_storico.zip,true,325740,ok
r_piemon,r_piemon:4ebbe86e-4606-4d8b-9871-671cefc62cdb,Ppr - Viabilità storica e patrimonio ferroviario (tav. P4),society,https://www.datigeo-piem-download.it/direct/Geoportale/RegionePiemonte/PPR/viabilita_storica.zip,true,610962,ok
r_piemon,r_piemon:5cfe3ddd-f60d-4c65-b1fa-d1e0a173ecfc,AGENZIE FORMATIVE per i corsi per la somministrazione di alimenti e bevande,society,https://www.datigeo-piem-download.it/direct/Geoportale/RegionePiemonte/Commercio/Agenzie_formative.zip,true,31720,ok
p_bi,p_bi:1421e928-5df4-4649-b3a5-fce86bfc3ade,Provincia di Biella - BDG Aree esondabili,planningCadastre,https://www.provincia.biella.it/sit-e-cartografia/repertorio/consultazione/at6-matrice-ambientale,false,0,err
p_bi,p_bi:64978cdd-179e-49bf-99ee-2b20596ecd23,Provincia di Biella - Sistema Informativo Strade - strade provinciali,transportation,https://www.provincia.biella.it/sit-e-cartografia/repertorio/consultazione/at7-mobilita-e-trasporti,false,0,err
p_bi,p_bi:50283ca7-9325-4f31-9020-6d9b9884d8c0,Provincia di Biella - BDG Frane quiescenti,geoscientificInformation,https://www.provincia.biella.it/repertorio/consultazione/at8-strumenti-di-pianificazione/igt-s-carta-degli-indirizzi-di-governo-del,false,0,err
p_to,cmto:e5ab2214-a49f-4a40-91df-e066e7893591,PTC 2 - Stazioni ferroviarie,transportation,https://www.cittametropolitana.torino.it/sites/default/files/pagina/risorse/territorio/dwd/pianificazione-territoriale/ptc2/shape_tavole/tav21/stazioni.zip,true,23999,ok
p_to,cmto:4b3128df-f0c7-4010-aee0-5736472fa817,P.P. Collina di Pinerolo (P. definitivo) - Relazione illustrativa,planningCadastre,https://www.cittametropolitana.torino.it/cms/risorse/sit-cartografico/dwd/beni/paesaggio/ppcpinerolo/relazione_i.pdf,true,134002,ok
c_001272,c_l219:1cc8edb6-9a2a-4c0d-b116-8004f288d227,Dati statistici - Circoscrizioni - Popolazione residente,society,http://geoportale.comune.torino.it/geodati/zip/circoscrizioni_popolazione_residente_geo.zip,true,682779,ok
c_001272,c_l219:1cc8edb6-9a2a-4c0d-b116-8004f288d227,Dati statistici - Circoscrizioni - Popolazione residente,society,http://geoportale.comune.torino.it/geodati/zip/circoscrizioni_popolazione_residente_csv.zip,true,339358,ok
r_piemon,r_piemon:fe5143e5-9468-4104-ab6e-a5ebc0326365,Ppr - Elementi di criticità lineari (tav. P4),planningCadastre,https://www.datigeo-piem-download.it/direct/Geoportale/RegionePiemonte/PPR/criticita_lineari_upp.zip,true,237978,ok
c_001272,c_l219:a1383512-582b-4f4c-94d5-4ee29e987f96,Dati statistici - Circoscrizioni - Nascite,society,http://geoportale.comune.torino.it/geodati/zip/circoscrizioni_nascite_geo.zip,true,680096,ok
c_001272,c_l219:a1383512-582b-4f4c-94d5-4ee29e987f96,Dati statistici - Circoscrizioni - Nascite,society,http://geoportale.comune.torino.it/geodati/zip/circoscrizioni_nascite_csv.zip,true,344445,ok
p_to,cmto:a39ba3ff-4b94-44ec-85db-fcdb35049500,PTC 2 - PIANO TERRITORIALE DI COORDINAMENTO - TAVOLA 4.4.3,planningCadastre,https://www.cittametropolitana.torino.it/sites/default/files/pagina/risorse/territorio/dwd/pianificazione-territoriale/ptc2/tav_4-4-3_salvaguardia_corsomarche.pdf,true,3162731,ok
r_piemon,r_piemon:bbf8bf52-c3c2-4e47-af93-4fa1eacd7523,Corpi idrici sui quali allestire e gestire prioritariamente fasce tampone riparie ai sensi del PdGPo 2022 – 2027 e relativi bacini afferenti individuati e utilizzati da Arpa Piemonte per l'analisi delle Pressioni,environment,https://www.datigeo-piem-download.it/direct/Geoportale/RegionePiemonte/AGRICOLTURA/FasceTampone/fasce_tampone_2022-2027.zip,true,9738583,ok
c_001272,c_l219:5a1177dd-0289-4cde-a651-c2298787f6d9,Urbanistica - PRG Azzonamento - Limiti delle zone di piano,planningCadastre,http://geoportale.comune.torino.it/sec/zip/limiti_delle_zone_di_piano.zip,true,470474,ok
r_piemon,r_piemon:b1170b92-aff4-45de-9844-a83ced2519aa,Carta della sensibilità visiva,planningCadastre,https://www.datigeo-piem-download.it/direct/Geoportale/RegionePiemonte/sensibilita_visiva/sensibilita_visiva.zip,true,3397022,ok
r_piemon,r_piemon:0d4aaa30-c8be-4177-80ca-6c4077815f30,Vitigni su mosaicatura catastale di riferimento regionale 2022,farming,https://www.datigeo-piem-download.it/direct/Geoportale/RegionePiemonte/AGRICOLTURA/ViniVitigni/VITIGNI_2022-EPSG32632-GPKG.zip,true,32379761,ok
r_piemon,r_piemon:d1364100-e175-4589-9f68-b589bd7b90cf,Metanodotti (Storico),utilitiesCommunication,https://www.datigeo-piem-download.it/direct/Geoportale/RegionePiemonte/RetiDistribuzione/metanodotti_SNAM_storico_gpkg.zip,true,880826,ok
p_to,arlpa_to:07-04-01_ai-D_2013-11-20:09:30,Arpa Piemonte - BDGeo100 - Aree instabili,geoscientificInformation,https://webgis.arpa.piemonte.it/w-metadoc/Download/BDGeo100_aree_instabili.zip,true,17308560,ok
r_piemon,r_piemon:a01397cd-d151-4319-a471-a5d870090b38,ALLESTIMENTO CARTOGRAFICO DI RIFERIMENTO BDTRE 2018 B/N 1:10.000,imageryBaseMapsEarthCover,https://www.geoportale.piemonte.it/visregpigo/?action-type=dwl&url=https://geoservices.csi.it/ms/wms/bdtre/rp-01/bdtrewms/wms_griglia_scaricogp?service=WMS&version=1.3&request=getCapabilities&title=Scarico%20-%20BDTRE%20raster%20b/n%201:10.000%20(2014-2019)&layer=scBD3CTRstor,true,18993,ok
p_bi,p_bi:3fd04c75-bb9f-4013-a4ad-9129a80ec736,Provincia di Biella - PTPv1 - Colture D.O.C. e D.O.P.,farming,https://www.provincia.biella.it/repertorio/consultazione/at8-strumenti-di-pianificazione/igt-politiche-lassetto-del-sistema,false,0,err
r_piemon,r_piemon:f5575c14-c2fe-4f68-8b6f-19b8a416a45f,Ppr - Principali rotte migratorie (tav. P5),planningCadastre,https://www.datigeo-piem-download.it/direct/Geoportale/RegionePiemonte/PPR/rotte.zip,true,229600,ok
c_001272,c_l219:f1f42f0d-6d5d-47a2-85b2-0d8618362c89,Azzonamenti Sanitari - Distretti assistenziali,boundaries,http://geoportale.comune.torino.it/geodati/zip/distretti_assistenziali_geo.zip,true,117330,ok
c_001272,c_l219:f1f42f0d-6d5d-47a2-85b2-0d8618362c89,Azzonamenti Sanitari - Distretti assistenziali,boundaries,http://geoportale.comune.torino.it/geodati/zip/distretti_assistenziali_csv.zip,true,116943,ok
p_bi,p_bi:33b9efa5-aa65-48a7-8f18-7ce637b1b4e2,Provincia di Biella - uso suolo diacronico,environment,https://www.provincia.biella.it/sit-e-cartografia/repertorio/consultazione/at6-matrice-ambientale,false,0,err
r_piemon,r_piemon:53181599-7ee8-4ad8-a8b8-143a41fa1725,Ppr - Lettera d) montagna (tav. P2),planningCadastre,https://www.datigeo-piem-download.it/direct/Geoportale/RegionePiemonte/PPR/lettera_d_montagna.zip,true,550878,ok
c_001272,c_l219:93a66b49-d80d-4743-ba58-97abc95cd4ce,Urbanistica - PRG Azzonamento - Edifici caratterizzanti il tessuto storico,planningCadastre,http://geoportale.comune.torino.it/sec/zip/edifici_caratterizzanti_il_tessuto_storico.zip,true,586782,ok
r_piemon,r_piemon:e2f00855-6655-4acf-8a3d-14f0b8b300e0,Ppr - Siti archeologici di rilevanza regionale (tav. P5),planningCadastre,https://www.datigeo-piem-download.it/direct/Geoportale/RegionePiemonte/PPR/Siti_archeologici_di_rilevanza_regionale.zip,true,3824,ok
p_to,arlpa_to:07-03-01_d_rv-D_2013-11-18:16:20,Arpa Piemonte - BDGeo100 - Danni alla rete viaria,geoscientificInformation,https://webgis.arpa.piemonte.it/w-metadoc/Download/BDGeo100_danni_rete_viaria.zip,true,556793,ok
c_001272,c_l219:37ba9b3a-6578-4e48-9abf-70b38dfbf2f8,Urbanistica - PRG Var. Geologica - Ambito di pertinenza della classe di stabilita' III4,planningCadastre,http://geoportale.comune.torino.it/sec/zip/ambito_di_pertinenza_della_classe_di_stabilita_III4.zip,true,11605,ok
p_bi,p_bi:9b92c02a-9baf-43ec-af34-01e77a28d34b,Provincia di Biella - PTPv1 - Aree produttive interesse sovracomunale,planningCadastre,https://www.provincia.biella.it/repertorio/consultazione/at8-strumenti-di-pianificazione/igt-u-carta-degli-indirizzi-di-governo-del,false,0,err
r_piemon,r_piemon:773e78b5-4491-4bbb-b793-b65de6a7503f,ALLESTIMENTO CARTOGRAFICO DI RIFERIMENTO BDTRE 2026 3 COLORI 1:50.000,imageryBaseMapsEarthCover,https://www.geoportale.piemonte.it/visregpigo/?action-type=dwl&url=https://geoservices.csi.it/ms/wms/bdtre/rp-01/bdtrewms/wms_griglia_scaricogp?service=WMS&version=1.3&request=getCapabilities&title=Scarico%20-%20Allestimento%201:50.000%20BDTRE%202026&layer=scBD3fg50,true,18993,ok
p_bi,p_bi:3353869e-82db-4c3d-9043-34d7d4f329a3,Provincia di Biella - PTPv1 - Limite montagna/pianura,planningCadastre,https://www.provincia.biella.it/repertorio/consultazione/at8-strumenti-di-pianificazione/ctp-art-articolazione-territoriale,false,0,err
r_piemon,r_piemon:80de3f00-897d-4a19-96c6-fca4ac0a5b5d,Ambiti amministrativi - Comuni - 2022 Storico,boundaries,https://www.datigeo-piem-download.it/direct/Geoportale/RegionePiemonte/Limiti_amministrativi/Ambiti_amministrativi_comuni_serie_storica/AMBITI_AMMINISTRATIVI_COMUNI_2022.zip,true,9592602,ok
c_001272,c_l219:ca45f3e0-d1d1-47f1-aa2e-6b3d3f138b6d,Cartografia in scarico - Carta di sintesi 1:25000,imageryBaseMapsEarthCover,http://geoportale.comune.torino.it/geodati/zip/carta_di_sintesi_fogli_25000_geo.zip,true,7099,ok
c_001272,c_l219:ca45f3e0-d1d1-47f1-aa2e-6b3d3f138b6d,Cartografia in scarico - Carta di sintesi 1:25000,imageryBaseMapsEarthCover,http://geoportale.comune.torino.it/geodati/zip/carta_di_sintesi_fogli_25000_csv.zip,true,525,ok
r_piemon,r_piemon:9fefb208-5fe7-4993-b3a0-1e23e5bf7c35,Ppr - Territori a prevalente copertura boscata (tav. P4),biota,https://www.datigeo-piem-download.it/direct/Geoportale/RegionePiemonte/PPR/Territori_prevalente_copertura_boscata.zip,true,158193396,ok
p_bi,p_bi:8ececd0d-6407-4e51-9592-9c3fc7176f5b,Provincia di Biella - PTPv1 - Ambiti fruizione,planningCadastre,https://www.provincia.biella.it/repertorio/consultazione/at8-strumenti-di-pianificazione/igt-f-politiche-territoriali-della,false,0,err
p_bi,p_bi:312aeff6-0be6-4267-a197-193c22e2fedd,Provincia di Biella - BDG Trasporto solido,inlandWaters,https://www.provincia.biella.it/repertorio/consultazione/at8-strumenti-di-pianificazione/igt-s-carta-degli-indirizzi-di-governo-del,false,0,err
p_bi,p_bi:bb157df4-45be-420b-8574-9249ef96ccbe,Provincia di Biella - BDG vulnerabilità integrata,inlandWaters,https://www.provincia.biella.it/repertorio/consultazione/at8-strumenti-di-pianificazione/igt-s-carta-degli-indirizzi-di-governo-del,false,0,err
r_piemon,r_piemon:596b26d9-26e9-44dd-889b-b13d3d1a4fbb,Ppr - Lettera e) ghiacciai (tav. P2),planningCadastre,https://www.datigeo-piem-download.it/direct/Geoportale/RegionePiemonte/PPR/Lettera_e_ghiacciai.zip,true,4456,ok
p_bi,p_bi:50a5d39f-5733-461c-904f-026f7bbf90ed,Provincia di Biella - Stradario provinciale - strade,transportation,https://www.provincia.biella.it/sit-e-cartografia/repertorio/consultazione/at7-mobilita-e-trasporti,false,0,err
r_piemon,r_piemon:3b5f2047-22ed-4996-b26d-3fb68e70102f,Oleodotti SARPOM (Storico),utilitiesCommunication,https://www.datigeo-piem-download.it/direct/Geoportale/RegionePiemonte/RetiDistribuzione/oleodotti_SARPOM_storico_gpkg.zip,true,240695,ok
r_piemon,r_piemon:286c8488-9390-4683-a515-22bc7dfd0774,Carta dell'erosione reale 1:250000,biota,https://www.datigeo-piem-download.it/direct/Geoportale/RegionePiemonte/AGRICOLTURA/CarteSuoli/Carta_erosione_reale_250k.zip,true,423338,ok
r_piemon,r_piemon:d4e3df50-bc23-4be5-8825-b9b2c4b218fc,Confini di riferimento degli Ambiti territoriali di caccia (ATC) e Comprensori alpini (CA),boundaries,https://www.datigeo-piem-download.it/direct/Geoportale/RegionePiemonte/AGRICOLTURA/ATCCA/atcca.zip,true,4318277,ok
c_001272,c_l219:25bd741e-85ca-4b23-b428-d612fa7dd36c,Dati di base - Carta di sintesi - Toponomastica,planningCadastre,http://geoportale.comune.torino.it/geodati/zip/toponomastica_10000_geo.zip,true,122228,ok
c_001272,c_l219:25bd741e-85ca-4b23-b428-d612fa7dd36c,Dati di base - Carta di sintesi - Toponomastica,planningCadastre,http://geoportale.comune.torino.it/geodati/zip/toponomastica_10000_dwg.zip,true,352207,ok
r_piemon,r_piemon:60048c12-904a-4aa5-a062-1a9dd94ae971,Ppr - Laghi (tavv. P4-P5),planningCadastre,https://www.datigeo-piem-download.it/direct/Geoportale/RegionePiemonte/PPR/Laghi.zip,true,851266,ok
p_to,arlpa_to:12.01.01-D_2011-06-21-11:30,Arpa Piemonte - Bacini idrografici,inlandWaters,https://webgis.arpa.piemonte.it/w-metadoc/Download/bacini_idrografici.zip,true,5285253,ok
r_piemon,r_piemon:542d389f-11ae-4254-a38f-8d8e4dff7a81,Consumo di suolo (Aggiornamenti 2008-2021),imageryBaseMapsEarthCover,https://www.geoportale.piemonte.it/visregpigo/?action-type=dwl&url=https://geoservices.csi.it/ms/wms/sittq/rp-01/cdswms/wms_griglia_cds?service=WMS&version=1.3&request=getCapabilities&title=Scarico%20-%20Consumo%20di%20Suolo&layer=grigliaCDS,true,18993,ok
p_to,cmto:60f329a9-1e3c-4ade-8e28-3e22f2530b30,PTC 2 - Proposta di riduzione del Parco Tre Denti - Freidour,environment,https://www.cittametropolitana.torino.it/sites/default/files/pagina/risorse/territorio/dwd/pianificazione-territoriale/ptc2/shape_tavole/tav31/proposta_riduzione_3denti.zip,true,26091,ok
c_001272,c_l219:9451f96f-d32f-41cc-831f-5e7fa6284192,Polizia amministrativa,economy,http://geoportale.comune.torino.it/geodati/zip/polizia_amministrativa_geo.zip,true,68078,ok
c_001272,c_l219:9451f96f-d32f-41cc-831f-5e7fa6284192,Polizia amministrativa,economy,http://geoportale.comune.torino.it/geodati/zip/polizia_amministrativa_dwg.zip,true,127193,ok
c_001272,c_l219:9451f96f-d32f-41cc-831f-5e7fa6284192,Polizia amministrativa,economy,http://geoportale.comune.torino.it/geodati/zip/polizia_amministrativa_csv.zip,true,57828,ok
c_001272,c_l219:9451f96f-d32f-41cc-831f-5e7fa6284192,Polizia amministrativa,economy,http://geoportale.comune.torino.it/sec/zip/polizia_amministrativa.zip,true,124372,ok
c_001272,c_l219:8987bd22-fea8-44e0-a900-7a6400032b30,Dati di base - Toponomastica - Numeri civici,planningCadastre,http://geoportale.comune.torino.it/sec/zip/numeri_civici.zip,true,4503853,ok
c_001272,c_l219:8987bd22-fea8-44e0-a900-7a6400032b30,Dati di base - Toponomastica - Numeri civici,planningCadastre,http://geoportale.comune.torino.it/geodati/civici_WGS84_EPSG4326_csv.csv,true,9701964,ok
c_001272,c_l219:8987bd22-fea8-44e0-a900-7a6400032b30,Dati di base - Toponomastica - Numeri civici,planningCadastre,http://geoportale.comune.torino.it/geodati/civici_UTM_WGS84_EPSG32632_csv.csv,true,9713109,ok
c_001272,c_l219:8987bd22-fea8-44e0-a900-7a6400032b30,Dati di base - Toponomastica - Numeri civici,planningCadastre,http://geoportale.comune.torino.it/geodati/civici_GAUSS_BOAGA_EPSG3003_csv.csv,true,8337990,ok
r_piemon,r_piemon:c2d06c67-a667-49c3-93c7-c89fb7f5a900,BDTRE - Ghiacciaio -nevaio perenne (GHI_NV),imageryBaseMapsEarthCover,https://www.datigeo-piem-download.it/direct/Geoportale/RegionePiemonte/PPR/GHI_NV/GHI_NV.zip,true,175837,ok
r_piemon,r_piemon:db7b791d-2904-4062-88cc-371cf6984215,TRAFFICO GIORNALIERO MEDIO 2018 SU ELEMENTO STRADALE BDTRE,transportation,https://www.datigeo-piem-download.it/direct/Geoportale/RegionePiemonte/TRASPORTI/TGM_su_ElementoStradaleBDTRE_2018.zip,true,89426061,ok
r_piemon,r_piemon:709cb138-8b72-4b28-9c80-98f5e5ebc52e,Ppr - Sistema dell'insediamento Walser (tav. P5),planningCadastre,https://www.datigeo-piem-download.it/direct/Geoportale/RegionePiemonte/PPR/sistema_insediamento_walser.zip,true,3571,ok
r_piemon,r_piemon:9548b18c-8fee-41a0-adbc-0bb072204756,Oleodotti ENI (Storico),utilitiesCommunication,https://www.datigeo-piem-download.it/direct/Geoportale/RegionePiemonte/RetiDistribuzione/oleodotti_ENI_storico_gpkg.zip,true,41108,ok
c_001272,c_l219:cb09a431-d92c-4c8d-9c33-698bf9f6db8d,Arte urbana - Altre Opere,society,http://geoportale.comune.torino.it/geodati/zip/a_urbana_altre_opere_geo.zip,true,27308,ok
c_001272,c_l219:cb09a431-d92c-4c8d-9c33-698bf9f6db8d,Arte urbana - Altre Opere,society,http://geoportale.comune.torino.it/geodati/zip/a_urbana_altre_opere_csv.zip,true,6051,ok
c_001272,c_l219:174e17de-a069-407f-b248-17314d188595,Servizi per l'infanzia,society,http://geoportale.comune.torino.it/geodati/zip/servizi_infanzia_geo.zip,true,55808,ok
c_001272,c_l219:174e17de-a069-407f-b248-17314d188595,Servizi per l'infanzia,society,http://geoportale.comune.torino.it/geodati/zip/servizi_infanzia_csv.zip,true,18708,ok
c_001272,c_l219:de2baba1-0d38-4ba7-b797-4af0d795e3e2,Urbanistica - PRG Azzonamento - Progetti unitari su suolo pubblico,planningCadastre,http://geoportale.comune.torino.it/sec/zip/progetti_unitari_su_suolo_pubblico.zip,true,20069,ok
r_piemon,r_piemon:92c7d243-be30-4ccf-85a6-ca335d350dd9,Ppr - Tav. P5 Rete di connessione paesaggistica,planningCadastre,https://www.datigeo-piem-download.it/direct/Geoportale/RegionePiemonte/PPR/ProgettiQGIS/PPR_TavolaP5.zip,true,26994156,ok
c_001272,c_l219:a583af6b-35d1-48d1-9186-bcc94880d737,Dati di base - Carta di sintesi B/N,imageryBaseMapsEarthCover,http://geoportale.comune.torino.it/geodati/zip/carta_sintesi_geo_bn.zip,true,600599,ok
p_to,arlpa_to:06.01.02-D_2011-02-22-14:35,Arpa Piemonte - Zone Umide del Piemonte,biota,https://webgis.arpa.piemonte.it/w-metadoc/Download/zone_umide.zip,true,9381424,ok
r_piemon,r_piemon:4ee0d274-a0c3-4cbd-b98d-77e7e2753cfc,Piano di Tutela delle Acque - Aree idrogeologicamente separate del sistema acquifero superficiale,geoscientificInformation,https://www.datigeo-piem-download.it/direct/Geoportale/RegionePiemonte/Acqua/ais.zip,true,140305,ok
r_piemon,r_piemon:903af549-14bd-4cb4-a629-4bfe4be2a4a2,Ppr - Sistemi di crinali montani principali e secondari (simbolo buffer - tav. P4),elevation,https://www.datigeo-piem-download.it/direct/Geoportale/RegionePiemonte/PPR/buffer_crinali_montani_50_m.zip,true,4647501,ok
r_piemon,r_piemon:7cccd7ba-4b2a-4afe-b8ef-54f46527b9b6,CSR 2023-2027 – Classificazione e ripartizione del territorio regionale per zona altimetrica,farming,https://www.datigeo-piem-download.it/direct/Geoportale/RegionePiemonte/AGRICOLTURA/CSR_2023_2027/zona_altimetrica.zip,true,108714760,ok
p_bi,p_bi:baee49cb-2c07-4505-8ab3-08b693d915f9,Provincia di Biella - Limiti amministrativi da CTR,imageryBaseMapsEarthCover,https://www.provincia.biella.it/sit-e-cartografia/repertorio/consultazione/at2-elementi-topografici-di-base,false,0,err
p_to,cmto:f9e4d26f-be67-4d1d-9977-1e6e846fc47c,P.P. COLLINA DI PINEROLO (P. DEFINITIVO) - Allegato 4 (Unità di Terre - Schede),planningCadastre,https://www.cittametropolitana.torino.it/cms/risorse/sit-cartografico/dwd/beni/paesaggio/ppcpinerolo/allegato4.pdf,true,134002,ok
p_to,cmto:078cf243-d6dd-4f0b-afad-4bc5306b193e,PTC 2 - Aree boscate,environment,https://www.cittametropolitana.torino.it/sites/default/files/pagina/risorse/territorio/dwd/pianificazione-territoriale/ptc2/shape_tavole/tav31/copertura_forestale.zip,true,20545470,ok
r_piemon,r_piemon:0aa3a914-7710-49e7-b0d1-36d808c3f1eb,"Ppr - Autostrade e strade statali, regionali e provinciali (tav. P4)",planningCadastre,https://www.datigeo-piem-download.it/direct/Geoportale/RegionePiemonte/PPR/grafo_viabilita_mar2010.zip,true,4475312,ok
r_piemon,r_piemon:5daa224e-8f75-4dfe-a5a9-77d5984ee4f2,CSR 2023-2027 – Aree agricole e forestali ad alto valore naturale (HNV),farming,https://www.datigeo-piem-download.it/direct/Geoportale/RegionePiemonte/AGRICOLTURA/Aree_produzione_DOP_IGP_HNV/hnv.zip,true,136870484,ok
r_piemon,r_piemon:8df1d281-d9c9-41a5-812d-0006c137e433,Ppr - Sistemi di valorizzazione del patrimonio culturale (linee - tav. P5),planningCadastre,https://www.datigeo-piem-download.it/direct/Geoportale/RegionePiemonte/PPR/sistema_valorizzaz_patrimonio_culturale_linee.zip,true,15145,ok
p_to,arlpa_to:07.03.23-D_2013-02-07-12:45,Arpa Piemonte - Evento alluvionale del 23-25 Settembre1993,geoscientificInformation,https://webgis.arpa.piemonte.it/w-metadoc/Download/alluvioni/allu_1993.zip,true,1686031,ok
r_piemon,r_piemon:e6a7c76f-ac90-4fb7-abed-4e1275fd7c43,Ppr - Relazioni visive tra insediamento e contesto SC5 (tav. P4),society,https://www.datigeo-piem-download.it/direct/Geoportale/RegionePiemonte/PPR/relaz_caratt_sc5_upp.zip,true,327894,ok
r_piemon,r_piemon:1589f889-0e01-4d8a-b9b5-e3a6b2ab5d47,Ppr - Aree rurali di specifico interesse paesaggistico SV5 (tav. P4),planningCadastre,https://www.datigeo-piem-download.it/direct/Geoportale/RegionePiemonte/PPR/specificita_paes_sv5_upp.zip,true,439347,ok
p_to,cmto:ec456e81-5fd7-433f-b57a-c21fd9d6c6da,PTC 2 - Facoltà Universitarie,planningCadastre,https://www.cittametropolitana.torino.it/sites/default/files/pagina/risorse/territorio/dwd/pianificazione-territoriale/ptc2/shape_tavole/tav21/facolta.zip,true,23748,ok
p_bi,p_bi:193eb7f0-372f-4665-83ad-bdf6bfac1707,Provincia di Biella - alpeggi e tramuti,environment,https://www.provincia.biella.it/sit-e-cartografia/repertorio/consultazione/at6-matrice-ambientale,false,0,err
p_bi,p_bi:943ee08f-ff9b-4e6b-86d9-d3ae886f8a89,Provincia di Biella - PTPv1 - Rete escursionistica PTP,planningCadastre,https://www.provincia.biella.it/repertorio/consultazione/at8-strumenti-di-pianificazione/igt-f-politiche-territoriali-della,false,0,err
r_piemon,r_piemon:98926183-2c26-43d8-8fed-7599d2ac31aa,Sistema Informativo Catasto Opere di Difesa,planningCadastre,https://www.datigeo-piem-download.it/direct/Geoportale/RegionePiemonte/SICOD/PIEMONTE.zip,true,14462129,ok
r_piemon,r_piemon:f33eb7d8-369c-4b53-8c90-37111681cd0d,Ppr - Infrastrutture da riqualificare e infrastrutture da mitigare (tav. P5),planningCadastre,https://www.datigeo-piem-download.it/direct/Geoportale/RegionePiemonte/PPR/Infrastrutture_riqualificare_mitigare.zip,true,73554,ok
r_piemon,r_piemon:2cd69990-0c8c-4a76-9ffa-0229fc4a8284,DTM HELIDEM HD-2,elevation,https://www.datigeo-piem-download.it/direct/Geoportale/RegionePiemonte/DTM_HELIDEM_HD-2/DTM_HD-2_AveragedBicubicLidarCorrected.zip,true,527830309,ok
c_001272,c_l219:346e533e-a9a8-4d86-b16f-b0011ed39723,Catasto Terreni 1:1000 - Particelle acque,planningCadastre,http://geoportale.comune.torino.it/sec/zip/particelle_acque.zip,true,236409,ok
p_to,cmto:40e79e87-bf0b-45b1-9bfe-861a69c3062a,PTC 2 - Movicentri,transportation,https://www.cittametropolitana.torino.it/sites/default/files/pagina/risorse/territorio/dwd/pianificazione-territoriale/ptc2/shape_tavole/tav21/movicentri.zip,true,22057,ok
p_to,cmto:13f1883e-f16e-4c72-af6a-efde703968ff,PTC 2 - Poli per la logistica,transportation,https://www.cittametropolitana.torino.it/sites/default/files/pagina/risorse/territorio/dwd/pianificazione-territoriale/ptc2/shape_tavole/tav22/poli_logistica.zip,true,21797,ok
r_piemon,r_piemon:ac49e3b0-b092-4b96-90e6-daa3a33f3447,Registro dei Prati Permanenti Grafico,farming,https://www.datigeo-piem-download.it/direct/Geoportale/RegionePiemonte/AGRICOLTURA/RPPG/rppg_2024.zip,true,89436200,ok
r_piemon,r_piemon:7e039e58-d954-445e-ab56-0bbe6056066e,Ppr - Relazioni visive tra insediamento e contesto SC2 (tav. P4),society,https://www.datigeo-piem-download.it/direct/Geoportale/RegionePiemonte/PPR/relaz_caratt_sc2_upp.zip,true,244817,ok
r_piemon,r_piemon:370242c1-6dde-4d36-8416-6cfd16e16504,Piano di Tutela delle Acque - Stato quantitativo acque sotterranee ex d.lgs. 152/99,geoscientificInformation,https://www.datigeo-piem-download.it/direct/Geoportale/RegionePiemonte/Acqua/stato_quantitativo.zip,true,175116,ok
c_001272,c_l219:9693ae66-875b-4cc7-90ef-8594b37a8c84,Sedi Circoscrizioni,society,http://geoportale.comune.torino.it/geodati/zip/sedi_circoscrizioni_geo.zip,true,5273,ok
c_001272,c_l219:9693ae66-875b-4cc7-90ef-8594b37a8c84,Sedi Circoscrizioni,society,http://geoportale.comune.torino.it/geodati/zip/sedi_circoscrizioni_csv.zip,true,1026,ok
r_piemon,r_piemon:b0ee383f-1af5-4507-9c2f-f39db32dc63e,"Ppr - Ferrovie ""verdi"" (tav. P5)",planningCadastre,https://www.datigeo-piem-download.it/direct/Geoportale/RegionePiemonte/PPR/ferrovie_verdi.zip,true,157854,ok
p_bi,p_bi:ecf77b69-6862-444e-872b-3ebf6ec895ec,Provincia di Biella - Sistema Informativo Strade - capisaldi,transportation,https://www.provincia.biella.it/sit-e-cartografia/repertorio/consultazione/at7-mobilita-e-trasporti,false,0,err
p_bi,p_bi:48c35f61-8a21-4f2a-8372-e1c43e0644ea,Provincia di Biella - idrografia,imageryBaseMapsEarthCover,https://www.provincia.biella.it/sit-e-cartografia/repertorio/consultazione/at2-elementi-topografici-di-base,false,0,err
r_piemon,r_piemon:fb3302db-bb35-467a-bce2-1f05962f0d2b,Ppr - Ferrovie (tavv. P2-P4-P5-P6),planningCadastre,https://www.datigeo-piem-download.it/direct/Geoportale/RegionePiemonte/PPR/ferrovie_mar2010.zip,true,245025,ok
r_piemon,r_piemon:ebc05db3-36f7-456a-af8c-0dd81d85d1fe,Reticolo idrografico ai sensi della Direttiva Europea sulle Acque 2000/60/CE (WFD),environment,http://www.regione.piemonte.it/siriw/cartografia/mappastart.do,true,15248,ok
p_to,cmto:a78bab92-7df8-4512-bc89-7bce8d4f1270,PTC 2 - Centrali Biomassa,structure,https://www.cittametropolitana.torino.it/sites/default/files/pagina/risorse/territorio/dwd/pianificazione-territoriale/ptc2/shape_tavole/tav22/centrali_biomasse.zip,true,23772,ok
p_to,cmto:6b6c3d75-7934-43b4-8947-1bcadafccf87,P.P. Collina di Pinerolo (P. definitivo) - Norme di attuazione,planningCadastre,https://www.cittametropolitana.torino.it/cms/risorse/sit-cartografico/dwd/beni/paesaggio/ppcpinerolo/norme.pdf,true,134002,ok
c_001272,c_l219:ab400347-2c50-4573-a3a2-15e18ef4253c,Dati statistici - Circoscrizioni - Famiglie,society,http://geoportale.comune.torino.it/geodati/zip/circoscrizioni_famiglie_geo.zip,true,694841,ok
c_001272,c_l219:ab400347-2c50-4573-a3a2-15e18ef4253c,Dati statistici - Circoscrizioni - Famiglie,society,http://geoportale.comune.torino.it/geodati/zip/circoscrizioni_famiglie_csv.zip,true,321243,ok
r_piemon,r_piemon:023ef6df-b781-4751-b5d2-a442427916d0,Idrogeologia - Base acquifero superficiale 1:50.000,environment,https://www.datigeo-piem-download.it/direct/Geoportale/RegionePiemonte/Vincolo_idrogeologico/IDROGEOLOGIA_base_acquifero.zip,true,2091348,ok
p_bi,p_bi:f2bb7eb1-aa77-4b1c-b994-d835d26b5dac,Provincia di Biella - PTPv1 - Beni culturali isolati,planningCadastre,https://www.provincia.biella.it/repertorio/consultazione/at8-strumenti-di-pianificazione/ctp-pae-sensibilita-paesistiche-e,false,0,err
p_bi,p_bi:f2bb7eb1-aa77-4b1c-b994-d835d26b5dac,Provincia di Biella - PTPv1 - Beni culturali isolati,planningCadastre,https://www.provincia.biella.it/repertorio/consultazione/at8-strumenti-di-pianificazione/igt-f-politiche-territoriali-della,false,0,err
r_piemon,r_piemon:f51c642e-1c36-4048-aafc-e28ac32b6c87,ALLESTIMENTO CARTOGRAFICO DI RIFERIMENTO BDTRE 2023 B/N 1:10.000,imageryBaseMapsEarthCover,https://www.geoportale.piemonte.it/visregpigo/?action-type=dwl&url=https://geoservices.csi.it/ms/wms/bdtre/rp-01/bdtrewms/wms_griglia_scaricogp?service=WMS&version=1.3&request=getCapabilities&title=Scarico%20-%20Allestimento%201:10.000%20BDTRE%202023&layer=scBD3CTR,true,18993,ok
r_piemon,r_piemon:3227bbcd-38a1-46b8-b5d4-29bb3d462558,DTM HELIDEM HD-1,elevation,https://www.datigeo-piem-download.it/direct/Geoportale/RegionePiemonte/DTM_HELIDEM_HD-1/DTM_HD-1_AveragedBicubic.zip,true,527689769,ok
c_001272,c_l219:d4a8c8d7-33ce-4adf-807c-a9a9d31434af,Urbanistica - Ambiti varianti al PRGC,planningCadastre,http://geoportale.comune.torino.it/sec/zip/ambiti_varianti_al_PRGC.zip,true,125270,ok
c_001272,c_l219:a037efe9-c148-432d-a4d9-0039a5fa47cf,Mobilità - Parcheggi ad accesso controllato,transportation,http://geoportale.comune.torino.it/geodati/zip/parcheggi_accesso_controllato_geo.zip,true,10545,ok
c_001272,c_l219:a037efe9-c148-432d-a4d9-0039a5fa47cf,Mobilità - Parcheggi ad accesso controllato,transportation,http://geoportale.comune.torino.it/geodati/zip/parcheggi_accesso_controllato_csv.zip,true,3753,ok
p_to,arlpa_to:16.04.02-D_2011-06-08-13:30,Arpa Piemonte - Discariche attive e in post gestione,environment,http://webgis.arpa.piemonte.it/w-metadoc/download/discariche_attive_post_gestione.zip,true,399501,ok
c_001272,c_l219:4ca8d4f4-0af1-4acb-9f25-e0302aa2efd8,Mobilità - Stazioni Car sharing,transportation,http://geoportale.comune.torino.it/geodati/zip/stazioni_car_sharing_csv.zip,true,4925,ok
c_001272,c_l219:4ca8d4f4-0af1-4acb-9f25-e0302aa2efd8,Mobilità - Stazioni Car sharing,transportation,http://geoportale.comune.torino.it/geodati/zip/stazioni_car_sharing_geo.zip,true,12336,ok
r_piemon,r_piemon:677e0ada-e011-4146-9dc4-5f291c544eb0,Ripresa aerea 1980 VARALLO CGR Piano di volo,imageryBaseMapsEarthCover,https://www.datigeo-piem-download.it/direct/Geoportale/RegionePiemonte/Voli/Ripresa_aerea_1980_VARALLO_CGR_ABBRACCIAMENTO.zip,true,8631,ok
r_piemon,r_piemon:5ebf7f09-428e-4b11-86af-ea7296870854,Piano di Tutela delle Acque - Dati di portata specifica di pozzi superficiali,geoscientificInformation,https://www.datigeo-piem-download.it/direct/Geoportale/RegionePiemonte/Acqua/qspecifica_sup.zip,true,40614,ok
p_bi,p_bi:c655d768-7a8f-44aa-9cb2-ac6147235e6c,Provincia di Biella - PTPv1 - Classe II capacità d'uso suolo,planningCadastre,https://www.provincia.biella.it/repertorio/consultazione/at8-strumenti-di-pianificazione/igt-politiche-lassetto-del-sistema,false,0,err
p_to,cmto:889c84eb-bc84-426a-8b2b-df1ecad9ac69,STURA DI LANZO Alluvione 13-16/10/2000,geoscientificInformation,https://www.cittametropolitana.torino.it/sites/default/files/pagina/risorse/sit-cartografico/dwd/geoportale/dati_scaricabili/difesa_del_suolo/studi_idrogeologici/sturadilanzo/Relazione_Stura-di-Lanzo_Alluvione2000.pdf,true,201719,ok
p_to,cmto:4c8151d5-8b51-46dd-94a2-a68269cd47d1,PTC 2 - Tenimenti Mauriziano,environment,https://www.cittametropolitana.torino.it/sites/default/files/pagina/risorse/territorio/dwd/pianificazione-territoriale/ptc2/shape_tavole/tav31/tenimenti_mauriziano.zip,true,46420,ok
p_to,cmto:8789d1ef-e331-4c2d-9855-b60831c88183,P.P. Collina di Pinerolo (P. definitivo) - Elementi Lessicali,planningCadastre,https://www.cittametropolitana.torino.it/cms/risorse/sit-cartografico/dwd/beni/paesaggio/ppcpinerolo/el_lessicali.pdf,true,134002,ok
r_piemon,r_piemon:1c762524-4bf5-4c29-9c8b-3cfdd9ee1aa5,"Siti inseriti nella lista del Patrimonio Mondiale UNESCO ""I Paesaggi vitivinicoli del Piemonte: Langhe-Roero e Monferrato"" (core zone lineari)",planningCadastre,https://www.datigeo-piem-download.it/direct/Geoportale/RegionePiemonte/UNESCO/Core_zone_paesaggi_vitivinicoli_lineare.zip,true,52700,ok
p_to,cmto:758a68d8-3f3f-4708-84e4-b9ec5dcc0cca,PTC 2 - PIANO TERRITORIALE DI COORDINAMENTO - TAVOLA 4.4.1,planningCadastre,https://www.cittametropolitana.torino.it/sites/default/files/pagina/risorse/territorio/dwd/pianificazione-territoriale/ptc2/tav_4-4-1_salvaguardia_nltl.pdf,true,3652937,ok
r_piemon,r_piemon:4ba185b9-8e34-4002-8935-5481030b9f44,Ppr - Corridoi su rete idrografica e Tratti di discontinuità (tav. P5),planningCadastre,https://www.datigeo-piem-download.it/direct/Geoportale/RegionePiemonte/PPR/corridoi_aree_discontinuita.zip,true,221194,ok
c_001272,c_l219:abdfd249-27ad-4708-9f8d-5fdc3077be9e,Catasto Terreni 1:1000 - Particelle strade,planningCadastre,http://geoportale.comune.torino.it/sec/zip/particelle_strade.zip,true,1408088,ok
r_piemon,r_piemon:f18fa93c-3e71-4de3-83b7-2e6b38fe2b3e,"Rete ecologica della Provincia di Alessandria: Carta degli habitat, Aree di Valore Ecologico (AVE) e Carta della connettività ecologica (FRAGM)",biota,https://www.datigeo-piem-download.it/direct/Geoportale/RegionePiemonte/ReteEcologica/Alessandria_elementi_rete_progetto.zip,true,568416753,ok
r_piemon,r_piemon:f18fa93c-3e71-4de3-83b7-2e6b38fe2b3e,"Rete ecologica della Provincia di Alessandria: Carta degli habitat, Aree di Valore Ecologico (AVE) e Carta della connettività ecologica (FRAGM)",biota,https://www.datigeo-piem-download.it/direct/Geoportale/RegionePiemonte/ReteEcologica/Alessandria_elementi_rete_gpkg.zip,true,144703488,ok
r_piemon,r_piemon:57cdd653-7ff3-47f7-a653-94abef8e9361,Idrogeologia - Tempo di arrivo in falda (TOT),environment,https://www.datigeo-piem-download.it/direct/Geoportale/RegionePiemonte/Acqua/TOT.zip,true,639811,ok
r_piemon,r_piemon:57cdd653-7ff3-47f7-a653-94abef8e9361,Idrogeologia - Tempo di arrivo in falda (TOT),environment,https://www.datigeo-piem-download.it/direct/Geoportale/RegionePiemonte/Acqua/TOT_tempo_arrivo_inquinante_idrotrasportato.pdf,true,40711,ok
c_001272,c_l219:ccbf050c-f3e6-4c48-854a-14b6e720a44a,Piano del commercio - Addensamenti,planningCadastre,http://geoportale.comune.torino.it/sec/zip/addensamenti.zip,true,67122,ok
r_piemon,r_piemon:9fc301bb-bf01-43a8-8bc0-b25abac6ec87,Punti di Scarico Acque Reflue Urbane,environment,http://www.regione.piemonte.it/siriw/cartografia/mappastart.do,true,15248,ok
p_to,cmto:6406f73d-9d88-4e2f-ac81-b9b111977c02,CHIUSELLA - Studio idrogeologico,geoscientificInformation,https://www.cittametropolitana.torino.it/sites/default/files/pagina/risorse/sit-cartografico/dwd/geoportale/dati_scaricabili/difesa_del_suolo/studi_idrogeologici/chiusella/Stralcio_relazione_studio_107a.pdf,true,2778017,ok
p_to,cmto:6406f73d-9d88-4e2f-ac81-b9b111977c02,CHIUSELLA - Studio idrogeologico,geoscientificInformation,https://www.cittametropolitana.torino.it/sites/default/files/pagina/risorse/sit-cartografico/dwd/geoportale/dati_scaricabili/difesa_del_suolo/studi_idrogeologici/chiusella/Volo_aereo_studio_107a.pdf,true,15000823,ok
p_to,cmto:6406f73d-9d88-4e2f-ac81-b9b111977c02,CHIUSELLA - Studio idrogeologico,geoscientificInformation,https://www.cittametropolitana.torino.it/sites/default/files/pagina/risorse/sit-cartografico/dwd/geoportale/dati_scaricabili/difesa_del_suolo/studi_idrogeologici/chiusella/Stralcio_relazione_di_sintesi_studio_107b.pdf,true,213255,ok
p_to,cmto:6406f73d-9d88-4e2f-ac81-b9b111977c02,CHIUSELLA - Studio idrogeologico,geoscientificInformation,https://www.cittametropolitana.torino.it/sites/default/files/pagina/risorse/sit-cartografico/dwd/geoportale/dati_scaricabili/difesa_del_suolo/studi_idrogeologici/chiusella/Stralcio_relazione_idrologica_ed_idraulica_studio_107b.pdf,true,3021749,ok
p_to,cmto:6406f73d-9d88-4e2f-ac81-b9b111977c02,CHIUSELLA - Studio idrogeologico,geoscientificInformation,https://www.cittametropolitana.torino.it/sites/default/files/pagina/risorse/sit-cartografico/dwd/geoportale/dati_scaricabili/difesa_del_suolo/studi_idrogeologici/chiusella/Volo_aereo_studio_107b.pdf,true,7578223,ok
r_piemon,r_piemon:c7327d4c-9a23-40ca-84f3-958bc9289713,Aree a vocazione tartufigena (edizione 2016),biota,https://www.datigeo-piem-download.it/direct/Geoportale/RegionePiemonte/tartufi/aree_a_vocazione_tartufigena.zip,true,40862734,ok
r_piemon,r_piemon:2eba1ceb-2d82-448b-be5d-ae9047231ace,Ppr - Fasce di connessione sovraregionale (tav. P5),planningCadastre,https://www.datigeo-piem-download.it/direct/Geoportale/RegionePiemonte/PPR/Fasce_di_connessione_sovraregionale.zip,true,242996,ok
r_piemon,r_piemon:67977e61-9db1-4248-8ffb-df092e223eea,CTRN vettoriale 1:10.000 (1991-2005) - Curve di livello - STORICO,imageryBaseMapsEarthCover,https://www.geoportale.piemonte.it/visregpigo/?action-type=dwl&url=https://geomap.reteunitaria.piemonte.it/ws/taims/rp-01/taimsscaricogp/wms_scaricogp?service=WMS&version=1.3&request=getCapabilities&title=Scarico%20-%20CTRN%20vettoriale%201:10.000%20(1991-2005)%20-%20Altimetria&layer=scCTRNAltimetria,true,18993,ok
p_to,arlpa_to:07.03.27-D_2013-05-13-15:33,Arpa Piemonte - Evento alluvionale dell'8 Luglio 1996,geoscientificInformation,https://webgis.arpa.piemonte.it/Web22/eventi_alluvionali/dati/Ev_Allu_1996_07.zip,true,244515,ok
p_to,arlpa_to:07.03.27-D_2013-05-13-15:33,Arpa Piemonte - Evento alluvionale dell'8 Luglio 1996,geoscientificInformation,https://webgis.arpa.piemonte.it/Web22/eventi_alluvionali/dati/Ev_Allu_1996_07_sqlite.zip,true,811983,ok
c_001272,c_l219:32e350bf-66f8-4704-8c13-e511ae266c21,Catasto Terreni 1:1000 - Particelle terreni,planningCadastre,http://geoportale.comune.torino.it/sec/zip/particelle_terreni.zip,true,9357158,ok
p_bi,p_bi:44c047cf-f76f-4ab9-9c2b-ba21d84bd3dc,Provincia di Biella - PTPv1 - Siti archeologici,planningCadastre,https://www.provincia.biella.it/repertorio/consultazione/at8-strumenti-di-pianificazione/ctp-pae-sensibilita-paesistiche-e,false,0,err
r_piemon,r_piemon:5f7dc987-2a67-4a4a-a843-29f16a479d4c,Ambiti amministrativi - Comuni - 2020 Storico,boundaries,https://www.datigeo-piem-download.it/direct/Geoportale/RegionePiemonte/Limiti_amministrativi/Ambiti_amministrativi_comuni_serie_storica/AMBITI_AMMINISTRATIVI_COMUNI_2020.zip,true,9592353,ok
r_piemon,r_piemon:1dcfa175-95e4-432d-b994-c0d828fe7da0,Ppr - Aree rurali di specifico interesse paesaggistico SV6 (tav. P4),planningCadastre,https://www.datigeo-piem-download.it/direct/Geoportale/RegionePiemonte/PPR/specificita_paes_sv6_upp.zip,true,576893,ok
p_to,cmto:03faf9fc-8dcc-4308-bc76-c34d68269ec0,PTC 2 - Beni culturali e ambientali,society,https://www.cittametropolitana.torino.it/sites/default/files/pagina/risorse/territorio/dwd/pianificazione-territoriale/ptc2/shape_tavole/tav32/beni_pvto.zip,true,134948,ok
c_001272,c_l219:853807a6-3e78-4ddc-aeba-4cbb78b4e25f,Mobilità - Parcheggi per disabili,transportation,http://geoportale.comune.torino.it/geodati/zip/parcheggi_disabili_geo.zip,true,74229,ok
c_001272,c_l219:853807a6-3e78-4ddc-aeba-4cbb78b4e25f,Mobilità - Parcheggi per disabili,transportation,http://geoportale.comune.torino.it/geodati/zip/parcheggi_disabili_csv.zip,true,58064,ok
r_piemon,r_piemon:201a4664-f8e3-4480-818e-ff2e6c8f23bc,Aree di produzione dei Prodotti a Denominazione d'Origine Protetta (DOP) e dei prodotti ad Indicazione Geografica Protetta (IGP),farming,https://www.datigeo-piem-download.it/direct/Geoportale/RegionePiemonte/AGRICOLTURA/Aree_produzione_DOP_IGP_HNV/aree_produzione_prodotti_igp_dop.zip,true,7064380,ok
r_piemon,r_piemon:89a0440e-6842-4d69-b362-586abfbc2f8f,Infrastrutture irrigue,farming,https://www.datigeo-piem-download.it/direct/Geoportale/RegionePiemonte/AGRICOLTURA/SIBI/infr_irr.zip,true,2842362,ok
p_to,arlpa_to:06.04.01-D_2011-05-27-15:13,Arpa Piemonte - Rete ecologica dei Mammiferi alla scala 1:10.000 (dato storico del 2008),biota,http://webgis.arpa.piemonte.it/w-metadoc/Download/rete_ecologica_mammiferi.zip,true,128064376,ok
r_piemon,r_piemon:81b4f65c-9933-4747-af25-93546b69e5a2,Ppr - Confini comunali (tavv. P2-P3-P4-P5-P6),planningCadastre,https://www.datigeo-piem-download.it/direct/Geoportale/RegionePiemonte/PPR/comuni_istat_piemonte.zip,true,9128094,ok
p_to,cmto:2ab5c867-8512-4f38-abc6-ea94940516e4,PTC 2 - Ambiti omogenei di approfondimento sovracomunale,planningCadastre,https://www.cittametropolitana.torino.it/sites/default/files/pagina/risorse/territorio/dwd/pianificazione-territoriale/ptc2/shape_tavole/tav21/ambiti_2010.zip,true,671877,ok
r_piemon,r_piemon:90053e4a-6752-4839-b15d-428c716ac507,RETE DISTRIBUTIVA Commerciale,location,https://www.datigeo-piem-download.it/direct/Geoportale/RegionePiemonte/Commercio/rete_distributiva.zip,true,276165,ok
p_to,cmto:6f69065b-2ac6-44c6-bbeb-631eec009389,PTC 2 - PIANO TERRITORIALE DI COORDINAMENTO - TAVOLA 3.1,planningCadastre,https://www.cittametropolitana.torino.it/sites/default/files/pagina/risorse/territorio/dwd/pianificazione-territoriale/ptc2/tav_3-1_verde.pdf,true,4308206,ok
r_piemon,r_piemon:0685183a-23d5-489a-a2aa-eda775e1d359,Ppr - Corridoi ecologici (tav. P5),planningCadastre,https://www.datigeo-piem-download.it/direct/Geoportale/RegionePiemonte/PPR/corridoi_frecce.zip,true,8494,ok
r_piemon,r_piemon:1229767a-81ad-40ea-a18f-2c10a8d04352,Rete ecologica regionale - Carta della connettività ecologica,environment,https://www.datigeo-piem-download.it/direct/Geoportale/RegionePiemonte/ReteEcologica/ReteEcologicaRegionale/carta_connettivita.zip,true,45885145,ok
r_piemon,r_piemon:78aa7e7d-c310-49ab-892b-07799812f229,TRAFFICO GIORNALIERO MEDIO 2016 SU ELEMENTO STRADALE BDTRE,transportation,https://www.datigeo-piem-download.it/direct/Geoportale/RegionePiemonte/TRASPORTI/TGM_su_ElementoStradaleBDTRE_2016.zip,true,87464893,ok
p_to,cmto:39988688-933f-4bce-9464-1fc29c0d4ad4,PTC 2 - Strutture ospedaliere in progetto,utilitiesCommunication,https://www.cittametropolitana.torino.it/sites/default/files/pagina/risorse/territorio/dwd/pianificazione-territoriale/ptc2/shape_tavole/tav21/ospedali_new.zip,true,20240,ok
c_001272,c_l219:5e6803c9-9483-4134-9581-fc18fcdbf1e8,Impianti sportivi,society,http://geoportale.comune.torino.it/geodati/zip/impianti_sportivi_geo.zip,true,166617,ok
c_001272,c_l219:5e6803c9-9483-4134-9581-fc18fcdbf1e8,Impianti sportivi,society,http://geoportale.comune.torino.it/geodati/zip/impianti_sportivi_csv.zip,true,23536,ok
p_bi,p_bi:7ae0167b-e749-4828-9751-bc03b17054f2,Provincia di Biella - Settori del catasto regionale escursionistico,planningCadastre,https://www.provincia.biella.it/sit-e-cartografia/repertorio/consultazione/at5-sistema-funzionale-relazionale,false,0,err
r_piemon,r_piemon:1655ee11-affe-4abb-bec2-3295d54b8427,Ambiti amministrativi - Province,boundaries,https://www.datigeo-piem-download.it/direct/Geoportale/RegionePiemonte/Limiti_amministrativi/AMBITI_AMMINISTRATIVI_PROVINCE.zip,true,2315162,ok
r_piemon,r_piemon:0e2a5aec-d108-4c0d-86f3-30129b6fd4d0,Ppr - Accessi alle aree naturali (tav. P5),biota,https://www.datigeo-piem-download.it/direct/Geoportale/RegionePiemonte/PPR/accessi_alle_aree_naturali.zip,true,6310,ok
p_bi,p_bi:4da60f28-86fe-43f5-ac15-19d0180c8b60,Provincia di Biella - Itinerari mountain bike,planningCadastre,https://www.provincia.biella.it/sit-e-cartografia/repertorio/consultazione/at5-sistema-funzionale-relazionale,false,0,err
p_to,cmto:90933b16-9fd7-4254-a874-494884d8e3fb,PTC 2 - Centrali teleriscaldamento,structure,https://www.cittametropolitana.torino.it/sites/default/files/pagina/risorse/territorio/dwd/pianificazione-territoriale/ptc2/shape_tavole/tav22/centrali_teleriscaldamento.zip,true,24265,ok
p_to,cmto:f34ef99e-7de1-43e9-98e7-f8b7fb976019,PTC 2 - PIANO TERRITORIALE DI COORDINAMENTO - TAVOLA 4.4.2,planningCadastre,https://www.cittametropolitana.torino.it/sites/default/files/pagina/risorse/territorio/dwd/pianificazione-territoriale/ptc2/tav_4-4-2_salvaguardia_tangest.pdf,true,2909787,ok
r_piemon,r_piemon:cba5546f-1f0c-4329-8a80-fed5f427824e,Ppr - Sistemi di testimonianze storiche del territorio rurale (tav. P4),planningCadastre,https://www.datigeo-piem-download.it/direct/Geoportale/RegionePiemonte/PPR/sistemi_testimonianze_territorio_rurale.zip,true,190498,ok
r_piemon,r_piemon:733eb9f2-b2e1-4d37-9916-c97baa7e30c7,Ripresa aerea 1988 FIUME PO - CGR Piano di volo,imageryBaseMapsEarthCover,https://www.datigeo-piem-download.it/direct/Geoportale/RegionePiemonte/Voli/Ripresa_aerea_1988_FIUME_PO_CGR_ABBRACCIAMENTO.zip,true,6605,ok
r_piemon,r_piemon:f280475c-932a-493a-a2e0-4b018db1a32d,Ppr - Aree rurali di specifico interesse paesaggistico SV3 (tav. P4),planningCadastre,https://www.datigeo-piem-download.it/direct/Geoportale/RegionePiemonte/PPR/specificita_paes_sv3_upp.zip,true,480633,ok
r_piemon,r_piemon:c68ea236-5a5c-4db3-bd34-b5bb90b1d788,"Ppr - Sistemi di ville, giardini e parchi (tav. P4)",planningCadastre,https://www.datigeo-piem-download.it/direct/Geoportale/RegionePiemonte/PPR/sistemi_ville_parchi_giardini.zip,true,38520,ok
p_bi,p_bi:4c07e84b-088e-488f-a144-5dabb3c4b6d0,Provincia di Biella - vegetazione della Valle Elvo,environment,https://www.provincia.biella.it/sit-e-cartografia/repertorio/consultazione/at6-matrice-ambientale,false,0,err
r_piemon,r_piemon:4de84f97-aef3-4620-99e1-0912167c8c9c,"Siti inseriti nella lista del Patrimonio Mondiale UNESCO ""I Paesaggi vitivinicoli del Piemonte: Langhe-Roero e Monferrato"" (core e buffer zone areali)",planningCadastre,https://www.datigeo-piem-download.it/direct/Geoportale/RegionePiemonte/UNESCO/Core_e_buffer_zone_paesaggi_vitivinicoli.zip,true,157247,ok
r_piemon,r_piemon:a23dad1c-ee83-4e89-91f0-8fe0a0617d8a,Aree edificate 1:100.000 - Storico,society,https://www.datigeo-piem-download.it/direct/Geoportale/RegionePiemonte/Aree_edificate/Aree_edificate_storico.zip,true,1938511,ok
r_piemon,r_piemon:6640f61c-74be-4ae8-964a-3b466fda813f,PAI - Quadro del dissesto,planningCadastre,https://www.datigeo-piem-download.it/direct/Geoportale/RegionePiemonte/PAI/DISSESTI.zip,true,63538615,ok
r_piemon,r_piemon:5f3b4327-41e2-4fa3-b7de-ccc66f9cf3ce,Uso del suolo agricolo su mosaicatura catastale di riferimento regionale 2021,farming,https://www.geoportale.piemonte.it/visregpigo/?action-type=dwl&url=https://geoservices.csi.it/ms/wms/agrigeo/rp-01/agrigeowms/wms_griglia_scaricogp?service=WMS&version=1.3&request=getCapabilities&title=Scarico%20-%20Uso%20del%20suolo%20agricolo&layer=scUsoSuoAgri,true,18993,ok
p_to,cmto:5ea7eef6-d622-461d-ac3c-14b64d21a8d0,PTC 2 - Aree critiche,economy,https://www.cittametropolitana.torino.it/sites/default/files/pagina/risorse/territorio/dwd/pianificazione-territoriale/ptc2/shape_tavole/tav22/aree_critiche.zip,true,71426,ok
c_001272,c_l219:092bd977-cc13-48ab-8282-ef9434862ad5,Dati di base - Carta Tecnica,imageryBaseMapsEarthCover,http://geoportale.comune.torino.it/sec/zip/carta_tecnica.zip,true,101438329,ok
p_to,cmto:f24850a5-0cd0-4507-a1a0-5b9ff2c648f7,PTC 2 - PIANO TERRITORIALE DI COORDINAMENTO - TAVOLA 4.3,planningCadastre,https://www.cittametropolitana.torino.it/sites/default/files/pagina/risorse/territorio/dwd/pianificazione-territoriale/ptc2/tav_4-3_progettiviabilita.pdf,true,3053942,ok
p_to,cmto:bed991e3-7226-4ec3-a44a-0a20d106bb2f,PTC 2 - Aree di particolare pregio paesaggistico e ambientale,environment,https://www.cittametropolitana.torino.it/sites/default/files/pagina/risorse/territorio/dwd/pianificazione-territoriale/ptc2/shape_tavole/tav31/vincoli_paesaggistico_ambientali.zip,true,430172,ok
r_piemon,r_piemon:e45488d9-2428-467b-bee8-1a1c9250f020,Siti di importanza regionale (SIR),biota,https://www.regione.piemonte.it/web/temi/ambiente-territorio/biodiversita-aree-naturali/parchi/dati-alfanumerici-geografici-aree-protette,true,180924,ok
r_piemon,r_piemon:91a5eea8-a288-49c4-976a-cbea1a058c81,Atlante geografico del Piemonte,imageryBaseMapsEarthCover,https://www.datigeo-piem-download.it/direct/Geoportale/RegionePiemonte/Atlante/Atlante_vol_01.pdf,true,22592480,ok
r_piemon,r_piemon:91a5eea8-a288-49c4-976a-cbea1a058c81,Atlante geografico del Piemonte,imageryBaseMapsEarthCover,https://www.datigeo-piem-download.it/direct/Geoportale/RegionePiemonte/Atlante/Atlante_vol_02.pdf,true,38258389,ok
r_piemon,r_piemon:91a5eea8-a288-49c4-976a-cbea1a058c81,Atlante geografico del Piemonte,imageryBaseMapsEarthCover,https://www.datigeo-piem-download.it/direct/Geoportale/RegionePiemonte//Atlante/Atlante_vol_03.pdf,true,4013174,ok
r_piemon,r_piemon:0cebb371-031c-4d5c-b357-c2c990f8827f,Attività soggette a normativa Seveso - Stabilimenti - Storico,environment,https://www.datigeo-piem-download.it/direct/Geoportale/RegionePiemonte/Ambiente/Seveso_stabilimenti_puntuali_EPSG32632_SHP.zip,true,68192,ok
r_piemon,r_piemon:8d899f71-8f73-4221-a3bf-b403330dbab5,Ppr - Aree protette (tav. P5),planningCadastre,https://www.datigeo-piem-download.it/direct/Geoportale/RegionePiemonte/PPR/aree_protette.zip,true,628561,ok
r_piemon,r_piemon:c521f0f3-de2c-4401-b737-40ed88fead3d,Ppr - Contesti fluviali (tav. P5),planningCadastre,https://www.datigeo-piem-download.it/direct/Geoportale/RegionePiemonte/PPR/contesti_fluviali.zip,true,579063,ok
r_piemon,r_piemon:b2a8bdc6-9e61-4d87-aa7a-2a36f53ef7e9,Ppr - Sistema idrografico (tav. P5),planningCadastre,https://www.datigeo-piem-download.it/direct/Geoportale/RegionePiemonte/PPR/fiumi_principali_upp.zip,true,1418115,ok
p_to,arlpa_to:07-03-01_bdg-D_2025-04-10:16:20,Arpa Piemonte - Banca Dati dei Processi Geologici (BDGeo100),geoscientificInformation,https://webgis.arpa.piemonte.it/w-metadoc/Download/BDGeo100.zip,true,28379736,ok
p_to,cmto:250f6296-4243-4a87-99d8-5d7bada8283d,PTC 2 - PIANO TERRITORIALE DI COORDINAMENTO - TAVOLA RA1,planningCadastre,https://www.cittametropolitana.torino.it/sites/default/files/pagina/risorse/territorio/dwd/pianificazione-territoriale/ptc2/tavola_incidenza_SIC.pdf,true,3258127,ok
r_piemon,r_piemon:fa878b2c-41c3-462d-b6b2-e99c34d2ecda,Aree di insediamento commerciale consolidate : (ADDENSAMENTI) o in programmazione: (LOCALIZZAZIONI),economy,https://www.datigeo-piem-download.it/direct/Geoportale/RegionePiemonte/Commercio/zone_insediamento_commerciale.zip,true,19522153,ok
r_piemon,r_piemon:ca851c1f-ac67-432c-8657-e3be137b1836,Consumo di suolo (SERIE STORICHE DEGLI INDICI  1991-2021),planningCadastre,https://www.geoportale.piemonte.it/visregpigo/?action-type=dwl&url=https://geomap.reteunitaria.piemonte.it/ws/taims/rp-01/taimsscaricogp/wms_scaricogp?service=WMS&version=1.3&request=getCapabilities&title=Scarico%20-%20Consumo%20di%20Suolo&layer=scCDS,true,18993,ok
r_piemon,r_piemon:8414c425-0eaf-4d2c-ab91-5e07bf2358d7,Viabilita' 1:100.000 - Strade comunali - Storico,transportation,https://www.datigeo-piem-download.it/direct/Geoportale/RegionePiemonte/Strade_comunali/Comunali_100k_storico.zip,true,2727388,ok
r_piemon,r_piemon:53ef4dbb-5723-4b9a-aed6-74cb8ca0a400,Ambiti amministrativi - Comuni - 2015 Storico,boundaries,https://www.datigeo-piem-download.it/direct/Geoportale/RegionePiemonte/Limiti_amministrativi/Ambiti_amministrativi_comuni_serie_storica/AMBITI_AMMINISTRATIVI_COMUNI_2015.zip,true,9732710,ok
r_piemon,r_piemon:2778d21b-2d8d-4fcb-9727-4d1c43802a95,Ambiti amministrativi - Comuni - 2021 Storico,boundaries,https://www.datigeo-piem-download.it/direct/Geoportale/RegionePiemonte/Limiti_amministrativi/Ambiti_amministrativi_comuni_serie_storica/AMBITI_AMMINISTRATIVI_COMUNI_2021.zip,true,9592421,ok
c_001272,c_l219:981158ed-d261-4317-853b-c8114d6e65f2,Farmacie,health,http://geoportale.comune.torino.it/geodati/zip/farmacie_geo.zip,true,24567,ok
c_001272,c_l219:981158ed-d261-4317-853b-c8114d6e65f2,Farmacie,health,http://geoportale.comune.torino.it/geodati/zip/farmacie_csv.zip,true,14393,ok
c_001272,c_l219:c9627900-33a4-45b7-8c54-d77dff464ef8,Cartografia in scarico - Carta tecnica - fogli 1:2000,imageryBaseMapsEarthCover,http://geoportale.comune.torino.it/geodati/zip/carta_tecnica_fogli_2000_geo.zip,true,12380,ok
c_001272,c_l219:c9627900-33a4-45b7-8c54-d77dff464ef8,Cartografia in scarico - Carta tecnica - fogli 1:2000,imageryBaseMapsEarthCover,http://geoportale.comune.torino.it/geodati/zip/carta_tecnica_fogli_2000_csv.zip,true,5016,ok
r_piemon,r_piemon:aed44df1-3b42-466f-a3d3-7e3843e084c8,Ppr - Sistemi di fortificazioni (tav. P4),planningCadastre,https://www.datigeo-piem-download.it/direct/Geoportale/RegionePiemonte/PPR/sistemi_fortificazioni.zip,true,7163,ok
p_to,cmto:03899525-c01e-40ae-9aad-81439dbc167c,CHISONE-GERMANASCA Alluvione 13-16/10/2000,geoscientificInformation,https://www.cittametropolitana.torino.it/sites/default/files/pagina/risorse/sit-cartografico/dwd/geoportale/dati_scaricabili/difesa_del_suolo/studi_idrogeologici/chisonegermanasca/Stralcio_Relazione_Chisone-Germanasca_Alluvione2000.pdf,true,112490,ok
p_to,arlpa_to:07.02.06-D_2011-06-27:15:23,Arpa Piemonte - BDGeo100 - Litologia,geoscientificInformation,https://webgis.arpa.piemonte.it/w-metadoc/Download/BDGeo100_litologia.zip,true,4883244,ok
p_to,cmto:2d5af257-5846-409f-aba3-522aa95ea4df,P.P. COLLINA DI PINEROLO (P. DEFINITIVO) - Allegato 2 (Cartografia storica - stralci),planningCadastre,https://www.cittametropolitana.torino.it/cms/risorse/sit-cartografico/dwd/beni/paesaggio/ppcpinerolo/allegato2.pdf,true,134002,ok
p_to,cmto:e891753f-c7f0-4b2a-96ae-3546b109ccc7,PTC 2 - Piste ciclabili,environment,https://www.cittametropolitana.torino.it/sites/default/files/pagina/risorse/territorio/dwd/pianificazione-territoriale/ptc2/shape_tavole/tav31/programma_pisteciclabili_2010.zip,true,219771,ok
r_piemon,r_piemon:652fe456-6213-4159-a42e-8b91f9825350,Cartografia CSR 2023-2027 - Stato Quantitativo dei corpi idrici sotterranei,farming,https://www.datigeo-piem-download.it/direct/Geoportale/RegionePiemonte/AGRICOLTURA/DeficitIdrico/STATO_ACQUE_SOTT_UFFICIALE_2023.zip,true,1073267,ok
p_bi,p_bi:35a064cb-e001-4c0e-81a2-54bfe28abcc9,Provincia di Biella - Toponimi,imageryBaseMapsEarthCover,https://www.provincia.biella.it/sit-e-cartografia/repertorio/consultazione/at2-elementi-topografici-di-base,false,0,err
r_piemon,r_piemon:982e8c65-99df-4c7a-a8fe-0908fd06ad6f,Ppr - Edificato residenziale e produttivo-commerciale (tav. P4),planningCadastre,https://www.datigeo-piem-download.it/direct/Geoportale/RegionePiemonte/PPR/edifici_PPR_corretto.zip,true,93314312,ok
r_piemon,r_piemon:17a13d4e-eb14-4966-973e-7e6857391e2e,Piano di Tutela delle Acque - Dati di portata specifica di pozzi profondi,geoscientificInformation,https://www.datigeo-piem-download.it/direct/Geoportale/RegionePiemonte/Acqua/qspecifica_prof.zip,true,19543,ok
p_to,arlpa_to:01.02.17-D_2016-05-09-17:07,Arpa Piemonte - Monitoraggio della qualità delle acque sotterranee in Piemonte,inlandWaters,https://webgis.arpa.piemonte.it/w-metadoc/Download/monitoraggio_acque_sotterranee/monitoraggio_acque_sotterranee.zip,true,1217882,ok
p_to,arlpa_to:01-02-16-D_2015-10-15-10:30,"Arpa Piemonte, Città di Torino - Rete Piezometrica Metropolitana",inlandWaters,https://webgis.arpa.piemonte.it/w-metadoc/Download/piezometri.zip,true,200597,ok
r_piemon,r_piemon:d9efa660-f69e-49f7-86dc-25c33637771f,Idrogeologia - Soggiacenza della falda superficiale,environment,https://www.datigeo-piem-download.it/direct/Geoportale/RegionePiemonte/Acqua/sogg_100.zip,true,7018400,ok
r_piemon,r_piemon:d9efa660-f69e-49f7-86dc-25c33637771f,Idrogeologia - Soggiacenza della falda superficiale,environment,https://www.datigeo-piem-download.it/direct/Geoportale/RegionePiemonte/Acqua/Soggiacenza%20falda%20superficiale.pdf,true,37857,ok
r_piemon,r_piemon:eb347afc-6405-485d-bca8-f7c8535e1134,Viabilita' 1:100.000 - Stazioni - Storico,transportation,https://www.datigeo-piem-download.it/direct/Geoportale/RegionePiemonte/Stazioni/Stazioni100k_storico.zip,true,23182,ok
c_001272,c_l219:c0d96f4d-5eb8-47ef-883f-06af1b04aa50,Manto stradale,geoscientificInformation,http://geoportale.comune.torino.it/geodati/zip/manto_stradale_geo.zip,true,58231672,ok
c_001272,c_l219:c0d96f4d-5eb8-47ef-883f-06af1b04aa50,Manto stradale,geoscientificInformation,http://geoportale.comune.torino.it/geodati/zip/manto_stradale_csv.zip,true,13182049,ok
c_001272,c_l219:cbd11515-b85a-48d8-bac5-58661f34dddd,Dati statistici - Circoscrizioni - Popolazione straniera,society,http://geoportale.comune.torino.it/geodati/zip/circoscrizioni_popolazione_straniera_geo.zip,true,681259,ok
c_001272,c_l219:cbd11515-b85a-48d8-bac5-58661f34dddd,Dati statistici - Circoscrizioni - Popolazione straniera,society,http://geoportale.comune.torino.it/geodati/zip/circoscrizioni_popolazione_straniera_csv.zip,true,343138,ok
c_001272,c_l219:8d525ba3-2442-4f6d-b84b-22b33572bb20,Cartografia in scarico - PRG ZUCS - fogli 1:1000,imageryBaseMapsEarthCover,http://geoportale.comune.torino.it/geodati/zip/prg_zucs_fogli_1000_csv.zip,true,1653,ok
c_001272,c_l219:8d525ba3-2442-4f6d-b84b-22b33572bb20,Cartografia in scarico - PRG ZUCS - fogli 1:1000,imageryBaseMapsEarthCover,http://geoportale.comune.torino.it/geodati/zip/prg_zucs_fogli_1000_geo.zip,true,8189,ok
p_bi,p_bi:5ba27790-535c-4ecd-88fa-3d2095eea4fb,Provincia di Biella - PTPv1 - Aree coltivate,farming,https://www.provincia.biella.it/repertorio/consultazione/at8-strumenti-di-pianificazione/igt-politiche-lassetto-del-sistema,false,0,err
p_to,cmto:481947ff-268d-4987-b93e-29da6fd3519b,PTC 2 - Aree di particolare pregio paesaggistico e ambientale (proposte),environment,https://www.cittametropolitana.torino.it/sites/default/files/pagina/risorse/territorio/dwd/pianificazione-territoriale/ptc2/shape_tavole/tav31/aree_pregio_proposte_tot.zip,true,275917,ok
p_to,cmto:ac808d27-ce04-43b8-92f6-ff9621602a76,DORA BALTEA - Studio idrogeologico,geoscientificInformation,https://www.cittametropolitana.torino.it/sites/default/files/pagina/risorse/sit-cartografico/dwd/geoportale/dati_scaricabili/difesa_del_suolo/studi_idrogeologici/dorabaltea/Allegato_fotografico_studio_100b.pdf,true,12969506,ok
p_to,cmto:ac808d27-ce04-43b8-92f6-ff9621602a76,DORA BALTEA - Studio idrogeologico,geoscientificInformation,https://www.cittametropolitana.torino.it/sites/default/files/pagina/risorse/sit-cartografico/dwd/geoportale/dati_scaricabili/difesa_del_suolo/studi_idrogeologici/dorabaltea/Analisi-degli-elementi-caratterizzanti-la-dinamica-fluviale_studio_100a.pdf,true,5242250,ok
p_to,cmto:ac808d27-ce04-43b8-92f6-ff9621602a76,DORA BALTEA - Studio idrogeologico,geoscientificInformation,https://www.cittametropolitana.torino.it/sites/default/files/pagina/risorse/sit-cartografico/dwd/geoportale/dati_scaricabili/difesa_del_suolo/studi_idrogeologici/dorabaltea/Stralcio_relazione-illustrativa-generale_studio_100a.pdf,true,10073971,ok
p_to,cmto:ac808d27-ce04-43b8-92f6-ff9621602a76,DORA BALTEA - Studio idrogeologico,geoscientificInformation,https://www.cittametropolitana.torino.it/sites/default/files/pagina/risorse/sit-cartografico/dwd/geoportale/dati_scaricabili/difesa_del_suolo/studi_idrogeologici/dorabaltea/Stralcio_situazioni-critiche-e-principali-dissesti_studio_100a.pdf,true,7343312,ok
r_piemon,r_piemon:a4656709-9124-4e25-9f11-25b3ff01e12e,Beni architettonici-urbanistici-archeologici (Vigliano) - Storico,planningCadastre,https://www.datigeo-piem-download.it/direct/Geoportale/RegionePiemonte/Beni/Beni_arc-urb_storico.zip,true,399703,ok
r_piemon,r_piemon:caef5410-14dc-4f6e-8049-f711d8dcd4f3,Idrogeologia - Vulnerabilità intrinseca dell'acquifero superficiale (metodo GOD),environment,https://www.datigeo-piem-download.it/direct/Geoportale/RegionePiemonte/Acqua/GOD.zip,true,3835971,ok
r_piemon,r_piemon:caef5410-14dc-4f6e-8049-f711d8dcd4f3,Idrogeologia - Vulnerabilità intrinseca dell'acquifero superficiale (metodo GOD),environment,https://www.datigeo-piem-download.it/direct/Geoportale/RegionePiemonte/Acqua/Idrogeologia_pianura_piemontese.pdf,true,2288182,ok
p_to,cmto:6799cfa8-c673-44de-8f75-46cc6bd52c2b,PTC 2 - Strutture di ricovero,utilitiesCommunication,https://www.cittametropolitana.torino.it/sites/default/files/pagina/risorse/territorio/dwd/pianificazione-territoriale/ptc2/shape_tavole/tav21/strutture_di_ricovero.zip,true,28597,ok
c_001272,c_l219:04696dca-27f8-4a01-a1fa-9cef50c1cd22,Mobilità - Stazioni Bike sharing,transportation,http://geoportale.comune.torino.it/geodati/zip/stazioni_bike_sharing_csv.zip,true,3717,ok
c_001272,c_l219:04696dca-27f8-4a01-a1fa-9cef50c1cd22,Mobilità - Stazioni Bike sharing,transportation,http://geoportale.comune.torino.it/geodati/zip/stazioni_bike_sharing_geo.zip,true,9226,ok
p_to,arlpa_to:06.04.01-D_2015-04-17-09:54,"Arpa Piemonte - BIOMOD, FRAGM alla scala 1:10.000 (dato del 2008)",biota,https://webgis.arpa.piemonte.it/w-metadoc/Download/biomod_fragm.zip,true,388733347,ok
r_piemon,r_piemon:924729c2-c5dc-42b4-9acd-50b3049f76e0,"Rete ecologica del sito UNESCO ""I paesaggi vitivinicoli del Piemonte"": Carta della connettività ecologica (modello FRAGM)",biota,https://www.datigeo-piem-download.it/direct/Geoportale/RegionePiemonte/UNESCO/CARTA_DELLA_CONNETTIVITÀ_ECOLOGICA.zip,true,0,ok
r_piemon,r_piemon:2d74b6ef-8d7b-47e4-8c49-96ad4289e1eb,BDTRE 2015 - RASTER B/N 1:10.000,imageryBaseMapsEarthCover,https://www.geoportale.piemonte.it/visregpigo/?action-type=dwl&url=https://geoservices.csi.it/ms/wms/bdtre/rp-01/bdtrewms/wms_griglia_scaricogp?service=WMS&version=1.3&request=getCapabilities&title=Scarico%20-%20BDTRE%20raster%20b/n%201:10.000%20(2014-2019)&layer=scBD3CTRstor,true,18993,ok
c_001272,c_l219:b0493156-2d45-4792-977c-c3ab2937f171,Alberate,environment,http://geoportale.comune.torino.it/geodati/zip/alberate_geo.zip,true,8179329,ok
c_001272,c_l219:b0493156-2d45-4792-977c-c3ab2937f171,Alberate,environment,http://geoportale.comune.torino.it/geodati/zip/alberate_dwg.zip,true,11671682,ok
c_001272,c_l219:b0493156-2d45-4792-977c-c3ab2937f171,Alberate,environment,http://geoportale.comune.torino.it/geodati/zip/alberate_csv.zip,true,6560942,ok
c_001272,c_l219:a6935f79-bc7d-411b-a3fa-72159bf362d6,Sedi ASL,society,http://geoportale.comune.torino.it/geodati/zip/sedi_asl_geo.zip,true,5683,ok
c_001272,c_l219:a6935f79-bc7d-411b-a3fa-72159bf362d6,Sedi ASL,society,http://geoportale.comune.torino.it/geodati/zip/sedi_asl_csv.zip,true,1556,ok
p_to,cmto:2eec6121-0d3c-40ee-aa19-9a5a8dd97102,Trasformazione storica della viabilità stradale,imageryBaseMapsEarthCover,https://www.cittametropolitana.torino.it/sites/default/files/pagina/risorse/sit-cartografico/dwd/geoportale/dati_scaricabili/territorio/storico_viab_s.zip,true,1272341,ok
r_piemon,r_piemon:d927ef83-8be7-41cb-bca6-e994d45361a6,Ppr - Aree collinari di continuità naturale (tav. P5),planningCadastre,https://www.datigeo-piem-download.it/direct/Geoportale/RegionePiemonte/PPR/aree_collinari_di_continuita_naturale.zip,true,79756,ok
p_to,cmto:9f38870b-79d1-4989-84c8-29a19a965a5d,PTC 2 - Scuole Universitarie,utilitiesCommunication,https://www.cittametropolitana.torino.it/sites/default/files/pagina/risorse/territorio/dwd/pianificazione-territoriale/ptc2/shape_tavole/tav21/scuole_universitarie.zip,true,22557,ok
p_to,arlpa_to:07.14.01-D_2025-03-19-10:20,Arpa Piemonte - Data base dei ghiacciai in Piemonte,geoscientificInformation,https://webgis.arpa.piemonte.it/w-metadoc/Download/db_ghiacciai_piemonte.zip,true,1038759,ok
p_to,cmto:45d89ba5-2056-4641-829d-f6e293665aa7,PTC 2 - Aree protette provinciali istituite,environment,https://www.cittametropolitana.torino.it/sites/default/files/pagina/risorse/territorio/dwd/pianificazione-territoriale/ptc2/shape_tavole/tav31/aree_prot_pv_istituite_l19.zip,true,58601,ok
r_piemon,r_piemon:c6fc6d98-6168-47cb-bc8a-129682182938,Ppr - Greenways regionali (tav. P5),planningCadastre,https://www.datigeo-piem-download.it/direct/Geoportale/RegionePiemonte/PPR/greenways_regionali.zip,true,303611,ok
r_piemon,r_piemon:f7624f9e-ae11-42b4-a2bf-fce1f9809989,Potenziale geotermico a bassa entalpia in Piemonte,environment,https://www.datigeo-piem-download.it/direct/Geoportale/RegionePiemonte/Energia/PotenzialeGeotermico/RelGeotermia_POLITO_latest.pdf,true,12383688,ok
r_piemon,r_piemon:f7624f9e-ae11-42b4-a2bf-fce1f9809989,Potenziale geotermico a bassa entalpia in Piemonte,environment,https://www.datigeo-piem-download.it/direct/Geoportale/RegionePiemonte/Energia/PotenzialeGeotermico/Mappa_potenziale_geotermico_QBHE.zip,true,7501277,ok
r_piemon,r_piemon:f7624f9e-ae11-42b4-a2bf-fce1f9809989,Potenziale geotermico a bassa entalpia in Piemonte,environment,https://www.datigeo-piem-download.it/direct/Geoportale/RegionePiemonte/Energia/PotenzialeGeotermico/Mappa_conducibilita_termica_stimata.zip,true,994306,ok
r_piemon,r_piemon:f7624f9e-ae11-42b4-a2bf-fce1f9809989,Potenziale geotermico a bassa entalpia in Piemonte,environment,https://www.datigeo-piem-download.it/direct/Geoportale/RegionePiemonte/Energia/PotenzialeGeotermico/Mappa_capacità_termica_stimata.zip,true,0,ok
r_piemon,r_piemon:f7624f9e-ae11-42b4-a2bf-fce1f9809989,Potenziale geotermico a bassa entalpia in Piemonte,environment,https://www.datigeo-piem-download.it/direct/Geoportale/RegionePiemonte/Energia/PotenzialeGeotermico/Mappa_temperatura_indisturbata_terreno_stimata.zip,true,7374434,ok
r_piemon,r_piemon:ce086790-3411-45c2-bac3-2699b5e3a21f,Vincolo Idrogeologico alla scala 1:10.000 (Edizione 2016),planningCadastre,https://www.datigeo-piem-download.it/direct/Geoportale/RegionePiemonte/Vincolo_idrogeologico/Vinc_idro_10k_2016.zip,true,3778238,ok
p_to,cmto:129ac647-5b4a-42f0-aaa6-5906f9dba23a,PTC 2 - Aree produttive principali,economy,https://www.cittametropolitana.torino.it/sites/default/files/pagina/risorse/territorio/dwd/pianificazione-territoriale/ptc2/shape_tavole/tav22/aree_produttive_50000mq.zip,true,262192,ok
r_piemon,r_piemon:e6f849b0-9453-4cc4-a7e5-1ccecd4affc6,Ambiti amministrativi - Area regionale,boundaries,https://www.datigeo-piem-download.it/direct/Geoportale/RegionePiemonte/Limiti_amministrativi/AMBITI_AMMINISTRATIVI_REGIONE.zip,true,766839,ok
c_001272,c_l219:c34b7960-edeb-4c9d-a4df-0797f08c65de,Dati di base - Carta di sintesi - Numerazione civica,planningCadastre,http://geoportale.comune.torino.it/geodati/zip/civici_10000_geo.zip,true,202790,ok
c_001272,c_l219:c34b7960-edeb-4c9d-a4df-0797f08c65de,Dati di base - Carta di sintesi - Numerazione civica,planningCadastre,http://geoportale.comune.torino.it/geodati/zip/civici_10000_dwg.zip,true,440507,ok
r_piemon,r_piemon:b0409b29-a511-4667-a4a4-3b15af266eae,PFT - Carta forestale e altre coperture del territorio (edizione 2000),biota,http://www.sistemapiemonte.it/popalfa/authentication/LoginSispieAction.do,true,21320,ok
c_001272,c_l219:453d1ddc-bb30-4a49-ab2f-cc77ca6a83cc,Università ,society,http://geoportale.comune.torino.it/geodati/zip/universita_geo.zip,true,35097,ok
c_001272,c_l219:453d1ddc-bb30-4a49-ab2f-cc77ca6a83cc,Università ,society,http://geoportale.comune.torino.it/geodati/zip/universita_csv.zip,true,2887,ok
p_to,arlpa_to:16.06.10-D_2011-06-03-11:23,"Arpa Piemonte - Piani di classificazione acustica (province di Asti, Biella, Cuneo, Novara, Torino e Vercelli)",environment,https://webgis.arpa.piemonte.it/w-metadoc/Download/rumore_zon_acustica.zip,true,46669897,ok
r_piemon,r_piemon:fbd18a86-5564-4739-bd75-1d6d176c7583,Ambiti amministrativi - Comuni - 2014 Storico,boundaries,https://www.datigeo-piem-download.it/direct/Geoportale/RegionePiemonte/Limiti_amministrativi/Ambiti_amministrativi_comuni_serie_storica/AMBITI_AMMINISTRATIVI_COMUNI_2014.zip,true,9732336,ok
r_piemon,r_piemon:be3543ed-6593-4863-be29-6a24b3e2cdbf,Ppr - Aree contigue (tav. P5),planningCadastre,https://www.datigeo-piem-download.it/direct/Geoportale/RegionePiemonte/PPR/aree_contigue.zip,true,165320,ok
c_001272,c_l219:dda82fe0-9919-42a3-a8f9-75847d01db6a,Dati di base - Grafo stradale,transportation,http://geoportale.comune.torino.it/sec/zip/grafo_stradale.zip,true,1435897,ok
c_001272,c_l219:dda82fe0-9919-42a3-a8f9-75847d01db6a,Dati di base - Grafo stradale,transportation,http://geoportale.comune.torino.it/sec/zip/grafo_stradale_csv.zip,true,1668042,ok
p_to,cmto:d95039d0-bbcf-4d0f-9f2b-d3798a5669a6,PTC 2 - Aree dense di transizione e libere (Allegato 5),planningCadastre,http://www.cittametropolitana.torino.it/cms/risorse/territorio/dwd/urbanistica/densita_urbana_utm-ed50.zip,true,134002,ok
p_to,cmto:d95039d0-bbcf-4d0f-9f2b-d3798a5669a6,PTC 2 - Aree dense di transizione e libere (Allegato 5),planningCadastre,http://www.cittametropolitana.torino.it/cms/risorse/territorio/dwd/urbanistica/densita_urbana_utm-wgs84.zip,true,134002,ok
p_bi,p_bi:18f7e47d-0236-4fe6-9bc1-641773d32cd6,Provincia di Biella - Osservatorio Urbanistico - vincoli,planningCadastre,https://www.provincia.biella.it/sit-e-cartografia/repertorio/consultazione/at8-strumenti-di-pianificazione,false,0,err
r_piemon,r_piemon:5eff9526-ec40-4da2-9fce-494a30995bbd,Ppr - Nodi secondari e Punti di appoggio (tav. P5),planningCadastre,https://www.datigeo-piem-download.it/direct/Geoportale/RegionePiemonte/PPR/nodi_secondari_e_punti_appoggio.zip,true,15126,ok
r_piemon,r_piemon:a6695eb9-9e43-4e27-9061-a28721617207,Cartografia CSR 2023-2027 – Elaborazione dello Stato Quantitativo dei corpi idrici superficiali e Bacini afferenti,farming,https://www.datigeo-piem-download.it/direct/Geoportale/RegionePiemonte/AGRICOLTURA/DeficitIdrico/STATO_ACQUE_SUPERF_UFFICIALE_2023.zip,true,3246142,ok
r_piemon,r_piemon:06a53210-e13f-4b9f-8827-8a101fdbcce4,"CARTA DELLA SENSIBILITA' VISIVA - SITO UNESCO ""I PAESAGGI VITIVINICOLI DEL PIEMONTE""",planningCadastre,https://www.datigeo-piem-download.it/direct/Geoportale/RegionePiemonte/UNESCO/SENSIBILITA_VISIVA-UNESCO_PAESAGGI_VITIVINICOLI_NORD.zip,true,2335150,ok
r_piemon,r_piemon:06a53210-e13f-4b9f-8827-8a101fdbcce4,"CARTA DELLA SENSIBILITA' VISIVA - SITO UNESCO ""I PAESAGGI VITIVINICOLI DEL PIEMONTE""",planningCadastre,https://www.datigeo-piem-download.it/direct/Geoportale/RegionePiemonte/UNESCO/SENSIBILITA_VISIVA-UNESCO_PAESAGGI_VITIVINICOLI_SUD.zip,true,7937530,ok
r_piemon,r_piemon:83c59eab-70b4-4f25-b32c-ca519d96de1c,Fontanili,environment,http://www.regione.piemonte.it/siriw/cartografia/mappastart.do,true,15248,ok
r_piemon,r_piemon:9e14805a-dade-4117-9e10-c17967ad4d7f,Piano di Tutela delle Acque - Dati di trasmissivita' di pozzi profondi,geoscientificInformation,https://www.datigeo-piem-download.it/direct/Geoportale/RegionePiemonte/Acqua/trasmissivita_prof.zip,true,10950,ok
r_piemon,r_piemon:e141ceec-5bc3-4d3d-825f-222632d26bbd,Ambiti amministrativi - Comuni - 2011 Storico,boundaries,https://www.datigeo-piem-download.it/direct/Geoportale/RegionePiemonte/Limiti_amministrativi/Ambiti_amministrativi_comuni_serie_storica/AMBITI_AMMINISTRATIVI_COMUNI_2011.zip,true,9704698,ok
r_piemon,r_piemon:d4ceaaf2-6f6e-4057-8ce8-4b2e3c172fb5,Beni confiscati,economy,https://www.datigeo-piem-download.it/direct/Geoportale/RegionePiemonte/Commercio/beni_confiscati.zip,true,6060400,ok
c_001272,c_l219:40ede83c-d080-420f-9e7f-e603cffe9785,Urbanistica - PRG Altre prescrizioni - Aree di interesse archeologico e paleontologico,planningCadastre,http://geoportale.comune.torino.it/sec/zip/aree_di_interesse_archeologico_e_paleontologico.zip,true,24983,ok
r_piemon,r_piemon:e2817e02-42ad-487e-8b00-13dd3caf43c6,Ppr - Sistemi di crinali montani principali e secondari (tav. P4),elevation,https://www.datigeo-piem-download.it/direct/Geoportale/RegionePiemonte/PPR/crinali_montani_principali_e_secondari.zip,true,516068,ok
c_001272,c_l219:9429594e-f4a2-4d79-a3c9-249fec398b38,Mercati tematici periodici,economy,http://geoportale.comune.torino.it/geodati/zip/mercati_tematici_geo.zip,true,5400,ok
c_001272,c_l219:9429594e-f4a2-4d79-a3c9-249fec398b38,Mercati tematici periodici,economy,http://geoportale.comune.torino.it/geodati/zip/mercati_tematici_csv.zip,true,1360,ok
c_001272,c_l219:abcbce7f-db63-493e-b12a-8f9bc1b11682,Luoghi di votazione - Sedi attuali,boundaries,http://geoportale.comune.torino.it/sec/zip/luoghi_votazione.zip,true,23419,ok
r_piemon,r_piemon:3ffe6b7b-9abe-4459-8305-e444e8eb197c,Modello digitale del terreno da CTRN 1:10000 (passo 10 m) - STORICO,elevation,https://www.datigeo-piem-download.it/direct/Geoportale/RegionePiemonte/DTM10/DTM10.zip,true,262678055,ok
r_piemon,r_piemon:89b768ed-d2f8-43c5-9924-65780c356daf,TRAFFICO GIORNALIERO MEDIO 2014 SU ELEMENTO STRADALE BDTRE,transportation,https://www.datigeo-piem-download.it/direct/Geoportale/RegionePiemonte/TRASPORTI/TGM_su_ElementoStradaleBDTRE_2014.zip,true,80063345,ok
p_to,cmto:8ad79e17-7e3d-4152-8bc0-68af4b7369b2,Trasformazione storica dei principali tratti fluviali,imageryBaseMapsEarthCover,https://www.cittametropolitana.torino.it/sites/default/files/pagina/risorse/sit-cartografico/dwd/geoportale/dati_scaricabili/territorio/storico_fiumi.zip,true,9944043,ok
r_piemon,r_piemon:fe4a2130-a029-40ff-a574-5e646b983e08,IMPIANTI DI DISTRIBUZIONE CARBURANTI,economy,https://www.datigeo-piem-download.it/direct/Geoportale/RegionePiemonte/Commercio/carburanti.zip,true,9499564,ok
p_to,cmto:2494db46-fe9a-4f52-979f-08a540b69ca7,PTC 2 - Distretto per la ricerca scientifica e farmaceutica,planningCadastre,https://www.cittametropolitana.torino.it/sites/default/files/pagina/risorse/territorio/dwd/pianificazione-territoriale/ptc2/shape_tavole/tav21/ricerca_scientifica.zip,true,20101,ok
r_piemon,r_piemon:c7e3408e-b697-4bb0-b085-deb10854ec36,ALLESTIMENTO CARTOGRAFICO DI RIFERIMENTO BDTRE 2019 B/N 1:10.000,imageryBaseMapsEarthCover,https://www.geoportale.piemonte.it/visregpigo/?action-type=dwl&url=https://geoservices.csi.it/ms/wms/bdtre/rp-01/bdtrewms/wms_griglia_scaricogp?service=WMS&version=1.3&request=getCapabilities&title=Scarico%20-%20BDTRE%20raster%20b/n%201:10.000%20(2014-2019)&layer=scBD3CTRstor,true,18993,ok
r_piemon,r_piemon:57022c43-9005-454d-a735-6936daf80f7e,CSR 2023-2027 – Classificazione dei fogli catastali montani in relazione allo svantaggio naturale,farming,https://www.datigeo-piem-download.it/direct/Geoportale/RegionePiemonte/AGRICOLTURA/CSR_2023_2027/svantaggio_naturale.zip,true,55634650,ok
r_piemon,r_piemon:5bad18d9-d5fe-4e44-9126-d2579a724d3e,Ambiti amministrativi - Comuni - 2025 Storico,boundaries,https://www.datigeo-piem-download.it/direct/Geoportale/RegionePiemonte/Limiti_amministrativi/Ambiti_amministrativi_comuni_serie_storica/AMBITI_AMMINISTRATIVI_COMUNI_2025.zip,true,23350146,ok
r_piemon,r_piemon:1afa107b-7fce-4625-92b5-c77bb14855ca,"BELVEDERE - SITO UNESCO ""I PAESAGGI VITIVINICOLI DEL PIEMONTE""",planningCadastre,https://www.datigeo-piem-download.it/direct/Geoportale/RegionePiemonte/UNESCO/BELVEDERE_UNESCO_PAESAGGI_VITIVINICOLI.zip,true,29459,ok
r_piemon,r_piemon:ec5e13a5-4ab6-4d05-9d4a-15a7db56b447,Ppr - Aree rurali di specifico interesse paesaggistico SV2 (tav. P4),planningCadastre,https://www.datigeo-piem-download.it/direct/Geoportale/RegionePiemonte/PPR/specificita_paes_sv2_upp.zip,true,227615,ok
r_piemon,r_piemon:029976c9-3dfc-45dc-bb62-8c516a272578,Criticità da isole di calore nelle aree urbane,climatologyMeteorologyAtmosphere,https://www.geoportale.piemonte.it/visregpigo/?action-type=dwl&url=https:%2F%2Fgeoservices.csi.it%2Fms%2Fwms%2Fgeoter%2Frp-01%2Fisolecalorewms%2Fwms_isole_calore_griglia_scaricogp%3Fservice%3DWMS&version=1.3&request=getCapabilities&title=Scarico%20-%20Criticit%C3%A0%20da%20isole%20di%20calore%20nelle%20aree%20urbane&layer=scIsoleCalore,true,18993,ok
r_piemon,r_piemon:029976c9-3dfc-45dc-bb62-8c516a272578,Criticità da isole di calore nelle aree urbane,climatologyMeteorologyAtmosphere,https://www.datigeo-piem-download.it/direct/Geoportale/RegionePiemonte/Isole_Calore/isole_di_calore_urbane.zip,true,40595772,ok
r_piemon,r_piemon:7ce200e2-846b-47a3-acef-f69074e19909,Ppr - Porte urbane (tav. P4),planningCadastre,https://www.datigeo-piem-download.it/direct/Geoportale/RegionePiemonte/PPR/porte_urbane_upp.zip,true,22724,ok
r_piemon,r_piemon:cb22bb07-bfc4-4fd2-9f5a-76af7377773f,Ambiti amministrativi - Comuni - 2024 Storico,boundaries,https://www.datigeo-piem-download.it/direct/Geoportale/RegionePiemonte/Limiti_amministrativi/Ambiti_amministrativi_comuni_serie_storica/AMBITI_AMMINISTRATIVI_COMUNI_2024.zip,true,9619337,ok
c_001272,c_l219:6e2a0cc4-b865-4680-88c1-13ba5b4c0feb,Mobilità - Metropolitana - Linee,transportation,http://geoportale.comune.torino.it/geodati/zip/linee_metro_csv.zip,true,1570,ok
c_001272,c_l219:6e2a0cc4-b865-4680-88c1-13ba5b4c0feb,Mobilità - Metropolitana - Linee,transportation,http://geoportale.comune.torino.it/geodati/zip/linee_metro_geo.zip,true,7762,ok
p_bi,p_bi:27b70b98-13ab-4a84-b9ea-71343c0595c6,Provincia di Biella - unità di paesaggio colturali,environment,https://www.provincia.biella.it/sit-e-cartografia/repertorio/consultazione/at6-matrice-ambientale,false,0,err
r_piemon,r_piemon:513124b8-ee8d-4cf9-bf68-fed7012a3797,Gruppi di Azione Locale (GAL) da CSR 2023-2027,boundaries,https://www.datigeo-piem-download.it/direct/Geoportale/RegionePiemonte/GAL_2023-2027/gal_2023-27.zip,true,50928836,ok
p_to,arlpa_to:07-03-01_tc-D_2013-10-14:14:30,Arpa Piemonte - BDGeo100 - Tributari minori e Conoidi,geoscientificInformation,https://webgis.arpa.piemonte.it/w-metadoc/Download/BDGeo100_tributari_conoidi.zip,true,1287168,ok
r_piemon,r_piemon:3dd840d6-8653-4b5b-8403-344225642e56,Idrografia 1:100.000 - Canali - Storico,inlandWaters,https://www.datigeo-piem-download.it/direct/Geoportale/RegionePiemonte/Idrografia/idro100-canali.zip,true,517745,ok
r_piemon,r_piemon:dd7f3347-177d-4542-b815-aeedf121c8ed,Vitigni su mosaicatura catastale di riferimento regionale 2025,farming,https://www.datigeo-piem-download.it/direct/Geoportale/RegionePiemonte/AGRICOLTURA/ViniVitigni/VITIGNI_2025-EPSG32632-GPKG.zip,true,32525790,ok
r_piemon,r_piemon:e96f70be-b10b-453b-9f9a-21551f8151f9,TRAFFICO GIORNALIERO MEDIO 2017 SU ELEMENTO STRADALE BDTRE,transportation,https://www.datigeo-piem-download.it/direct/Geoportale/RegionePiemonte/TRASPORTI/TGM_su_ElementoStradaleBDTRE_2017.zip,true,88295518,ok
c_001272,c_l219:a0d5b5ac-97ef-4dd2-91be-1de15f210252,Sedi Amministrative,society,http://geoportale.comune.torino.it/geodati/zip/sedi_amministrative_geo.zip,true,11465,ok
c_001272,c_l219:a0d5b5ac-97ef-4dd2-91be-1de15f210252,Sedi Amministrative,society,http://geoportale.comune.torino.it/geodati/zip/sedi_amministrative_csv.zip,true,6651,ok
p_bi,p_bi:481235b7-ee09-4783-82cd-e48d1e4ad652,Provincia di Biella - PTPv1 - Rete stradale,planningCadastre,https://www.provincia.biella.it/repertorio/consultazione/at8-strumenti-di-pianificazione/igt-u-carta-degli-indirizzi-di-governo-del,false,0,err
p_bi,p_bi:481235b7-ee09-4783-82cd-e48d1e4ad652,Provincia di Biella - PTPv1 - Rete stradale,planningCadastre,https://www.provincia.biella.it/repertorio/consultazione/at8-strumenti-di-pianificazione/igt-f-politiche-territoriali-della,false,0,err
p_bi,p_bi:481235b7-ee09-4783-82cd-e48d1e4ad652,Provincia di Biella - PTPv1 - Rete stradale,planningCadastre,https://www.provincia.biella.it/repertorio/consultazione/at8-strumenti-di-pianificazione/igt-politiche-lassetto-del-sistema,false,0,err
c_001272,c_l219:6cee750b-e5f5-40de-bb25-63ac6d813089,Luoghi di votazione - Sedi permanenti,boundaries,http://geoportale.comune.torino.it/geodati/zip/luoghi_votazione_geo.zip,true,26153,ok
c_001272,c_l219:6cee750b-e5f5-40de-bb25-63ac6d813089,Luoghi di votazione - Sedi permanenti,boundaries,http://geoportale.comune.torino.it/geodati/zip/luoghi_votazione_csv.zip,true,11748,ok
r_piemon,r_piemon:1cdaefb9-1502-4ca7-bb56-cb4b134e661f,Fasce di mobilita' morfologica del fiume Po,planningCadastre,https://www.datigeo-piem-download.it/direct/Geoportale/RegionePiemonte/AdbPo_FasceMobilita/AdbPo_FasceMobilita.zip,true,218025,ok
r_piemon,r_piemon:648e8678-070f-4b7c-98a7-7f4a8b2f2c85,Ppr - Elementi di criticità puntuali (tav. P4),planningCadastre,https://www.datigeo-piem-download.it/direct/Geoportale/RegionePiemonte/PPR/criticita_puntuali_upp.zip,true,53050,ok
p_to,cmto:8b326dac-9aac-4849-a6c6-7bc7000f3314,PTC 2 - Centri storici,society,https://www.cittametropolitana.torino.it/sites/default/files/pagina/risorse/territorio/dwd/pianificazione-territoriale/ptc2/shape_tavole/tav32/cesto.zip,true,27770,ok
p_to,cmto:647e4e46-96c3-407a-bbc5-f086e5a2a75a,PTC 2 - PIANO TERRITORIALE DI COORDINAMENTO - TAVOLA 3.2,planningCadastre,https://www.cittametropolitana.torino.it/sites/default/files/pagina/risorse/territorio/dwd/pianificazione-territoriale/ptc2/tav_3-2_beni.pdf,true,3873945,ok
r_piemon,r_piemon:45fcfc68-9058-4242-a7da-b4396a7e0506,CSR 2023-2027 – Classificazione dei comuni secondo la tipologia areale,farming,https://www.datigeo-piem-download.it/direct/Geoportale/RegionePiemonte/AGRICOLTURA/CSR_2023_2027/tipologia_areale.zip,true,108725326,ok
p_bi,p_bi:e508d8b9-84e0-4160-a20e-aff518f5027e,Provincia di Biella - dinamiche territoriali,environment,https://www.provincia.biella.it/sit-e-cartografia/repertorio/consultazione/at6-matrice-ambientale,false,0,err
c_001272,c_l219:f4d86662-82aa-49f1-aa5f-121366f25466,Urbanistica - PRG Altre prescrizioni - Fasce di rispetto,planningCadastre,http://geoportale.comune.torino.it/sec/zip/fasce_di_rispetto.zip,true,146969,ok
p_to,arlpa_to:04.02.04-D_2012-10-18-10:14,Arpa Piemonte - Aree e sottoaree di allerta,climatologyMeteorologyAtmosphere,https://webgis.arpa.piemonte.it/w-metadoc/Download/bacini_allertamento.zip,true,831817,ok
r_piemon,r_piemon:4fb63c5b-813b-4c6d-9fed-6ce92df6ca64,Ppr - Laghi (tav. P2) (AGGIORNAMENTO 2026),planningCadastre,https://www.datigeo-piem-download.it/direct/Geoportale/RegionePiemonte/PPR/laghiP2.zip,true,422624,ok
r_piemon,r_piemon:4c1fa6d0-1915-4610-be1a-67ee521ea400,Viabilita' 1:100.000 - Autostrade - Storico,transportation,https://www.datigeo-piem-download.it/direct/Geoportale/RegionePiemonte/Autostrade/Autostrade100k_storico.zip,true,244278,ok
p_bi,p_bi:73421a0c-e706-40c8-adb5-9f2c19ee0ee8,Provincia di Biella - uso del suolo anno 1954,environment,https://www.provincia.biella.it/sit-e-cartografia/repertorio/consultazione/at6-matrice-ambientale,false,0,err
c_001272,c_l219:498e85ed-917f-423d-bea1-efadb94b769b,Chiese ed altri luoghi di culto,society,http://geoportale.comune.torino.it/geodati/zip/chiese_csv.zip,true,14711,ok
c_001272,c_l219:498e85ed-917f-423d-bea1-efadb94b769b,Chiese ed altri luoghi di culto,society,http://geoportale.comune.torino.it/geodati/zip/chiese_altri_luoghi_culto_geo.zip,true,327298,ok
r_piemon,r_piemon:eae5a8b2-4baa-4388-94c4-2b3d4a2c4f50,Ppr - Contesti perirubani di rilevanza locale (tav. P5),planningCadastre,https://www.datigeo-piem-download.it/direct/Geoportale/RegionePiemonte/PPR/contesti_periurbani_di_rilevanza_locale.zip,true,4448,ok
p_to,cmto:a503f22b-06f2-4a9a-b4cf-7046316c834e,Istituti di protezione - alpine e pianura,environment,https://www.datigeo-piem-download.it/direct/Geoportale/CMTO/Risorse_agricole_e_forestali/FAUNA_E_FLORA/Piano_faunistico_venatorio/ama_pfv_istituti_protezione.zip,true,295936,ok
r_piemon,r_piemon:f4b00ea3-6e98-4a04-a2ae-bc5d4f285aed,RIPRESA AEREA ICE 2009-2011 - DTM 25,imageryBaseMapsEarthCover,https://www.datigeo-piem-download.it/direct/Geoportale/RegionePiemonte/DTM25/DTM25_2009-2011_PIEMONTE_ICE/DTM25_2009-2011_PIEMONTE_ICE.zip,true,128325861,ok
r_piemon,r_piemon:d489af35-fe80-44b1-b445-d438756e1171,RIPRESA AEREA ICE 2009-2011 - DTM 5m in formato DXF3D,imageryBaseMapsEarthCover,https://www.geoportale.piemonte.it/visregpigo/?action-type=dwl&url=https://geomap.reteunitaria.piemonte.it/ws/taims/rp-01/taimsscaricogp/wms_scaricogp?service=WMS&version=1.3&request=getCapabilities&title=Scarico%20-%20Ripresa%20Aerea%20ICE%202009-2011%20-DTM5%20in%20DXF3D&layer=scDTM5dxf3D,true,18993,ok
r_piemon,r_piemon:e10eb79d-b61b-44b3-804d-9adc082abbd3,RIPRESA AEREA ICE 2009-2011 - Rilievo ombreggiato,imageryBaseMapsEarthCover,https://www.geoportale.piemonte.it/visregpigo/?action-type=dwl&url=https://geomap.reteunitaria.piemonte.it/ws/taims/rp-01/taimsscaricogp/wms_scaricogp?service=WMS&version=1.3&request=getCapabilities&title=Scarico-Ripresa%20Aerea%20ICE%202009-2011%20-%20Rilievo%20ombreggiato&layer=scDTM5Hillshade,true,18993,ok
r_piemon,r_piemon:9d690bf8-9501-492c-bde6-16d34d22d551,Enti gestori delle funzioni socio assistenziali (art. 9 della L.R. 1/2004),health,https://www.datigeo-piem-download.it/direct/Geoportale/RegionePiemonte/DISTRETTI_SANITARI/enti_gestori_2025.zip,true,29276254,ok
r_piemon,r_piemon:9d690bf8-9501-492c-bde6-16d34d22d551,Enti gestori delle funzioni socio assistenziali (art. 9 della L.R. 1/2004),health,https://www.datigeo-piem-download.it/direct/Geoportale/RegionePiemonte/DISTRETTI_SANITARI/ENTI_GESTORI.pdf,true,1933269,ok
r_piemon,r_piemon:bb722e24-ed1e-4b00-8fb0-6a205fbbda67,Aree di produzione dei vini a Denominazione di Origine Controllata (DOC) e a Denominazione di Origine Controllata e Garantita (DOCG),farming,https://www.datigeo-piem-download.it/direct/Geoportale/RegionePiemonte/AGRICOLTURA/Aree_vini_DOC_DOCG/aree_produzione_vini.zip,true,8172133,ok
r_piemon,r_piemon:f121b29d-6536-42a5-9d68-b30270f472c3,TRAFFICO GIORNALIERO MEDIO E ALTRI DATI SVR 2022 SU ELEMENTO STRADALE BDTRE,transportation,https://www.datigeo-piem-download.it/direct/Geoportale/RegionePiemonte/TRASPORTI/DatiSVR2022_su_ElementoStradaleBDTRE.zip,true,159608233,ok
r_piemon,r_piemon:615abe8b-3ffb-4725-93d2-2a4234dcac0a,Aeroporti - Aree aeroportuali - Storico,transportation,https://www.datigeo-piem-download.it/direct/Geoportale/RegionePiemonte/Aeroporti/AEROPORTI.zip,true,14470,ok
c_001272,c_l219:fa53ef7e-cdf3-4d54-9621-a297e2cdf20b,Urbanistica - PRG ZUCS - Perimetri di studio,planningCadastre,http://geoportale.comune.torino.it/sec/zip/perimetri_di_studio.zip,true,9832,ok
r_piemon,r_piemon:9d707a87-a9d2-42cd-a540-3eeffba43b03,Ppr - Aree montane di continuità naturale (tav. P5),planningCadastre,https://www.datigeo-piem-download.it/direct/Geoportale/RegionePiemonte/PPR/aree_montane_di_continuita_naturale.zip,true,420845,ok
r_piemon,r_piemon:76dc7a8d-5152-45a1-ba6e-55e999b6fe05,Ppr - Bene ex D.lgs. 42/2004 artt. 138-141 (tav. P2 - AGGIORNAMENTO 2019),planningCadastre,https://www.datigeo-piem-download.it/direct/Geoportale/RegionePiemonte/PPR/Bene_ex_Dlgs_42_2004_artt_138-141.zip,true,91975,ok
c_001272,c_l219:373c65e2-57be-495b-9373-e8dc37392e04,Arte urbana - B.ART,society,http://geoportale.comune.torino.it/geodati/zip/a_urbana_b_art_geo.zip,true,11195,ok
c_001272,c_l219:373c65e2-57be-495b-9373-e8dc37392e04,Arte urbana - B.ART,society,http://geoportale.comune.torino.it/geodati/zip/a_urbana_b_art_csv.zip,true,889,ok
r_piemon,r_piemon:3ce05c2d-5d75-4e81-815f-48f1bf4ade30,Ppr - Sistema dei Sacri monti e dei santuari (tav. P5),planningCadastre,https://www.datigeo-piem-download.it/direct/Geoportale/RegionePiemonte/PPR/sacrimonti_santuari.zip,true,6856,ok
p_bi,p_bi:de9d763f-51d6-430e-be07-f990afdc7d3a,Provincia di Biella - Osservatorio Urbanistico - classi di idoneità urbanistica,planningCadastre,https://www.provincia.biella.it/sit-e-cartografia/repertorio/consultazione/at8-strumenti-di-pianificazione,false,0,err
r_piemon,r_piemon:b5cd9a2d-68a1-41a1-a1bc-ad6243308bc2,ZSC/SIC - Zone Speciali di Conservazione / Siti di Importanza Comunitaria,biota,https://www.datigeo-piem-download.it/direct/Geoportale/RegionePiemonte/Aree_protette/sic_wgs84.zip,true,869820,ok
r_piemon,r_piemon:b5cd9a2d-68a1-41a1-a1bc-ad6243308bc2,ZSC/SIC - Zone Speciali di Conservazione / Siti di Importanza Comunitaria,biota,https://www.datigeo-piem-download.it/direct/Geoportale/RegionePiemonte/Aree_protette/zsc_sic_regione_piemonte_kml.zip,true,1769182,ok
r_piemon,r_piemon:a5e7b21d-e005-452a-8ddf-a3a51a9001ef,Circhi glaciali - Aree,environment,https://www.datigeo-piem-download.it/direct/Geoportale/RegionePiemonte/Circhi_glaciali/Circhi_glaciali.zip,true,838281,ok
r_piemon,r_piemon:339dd221-5b1d-447f-8c80-cda3fa4fce4e,Vini – indicazione dell’idoneità alla D.O. su mosaicatura catastale di riferimento regionale 2021,farming,https://www.datigeo-piem-download.it/direct/Geoportale/RegionePiemonte/AGRICOLTURA/ViniVitigni/IDONEITA_PRODUZIONE_VINO_DO_2021-EPSG32632-GPKG.zip,true,32222976,ok
r_piemon,r_piemon:6dcf9e8d-4a3a-4857-b4c2-727f50b32176,"Rete ecologica della Città Metropolitana di Torino: Carta degli habitat, Aree di Valore Ecologico (AVE) e Carta della connettività ecologica (FRAGM)",biota,https://www.datigeo-piem-download.it/direct/Geoportale/RegionePiemonte/ReteEcologica/Torino_elementi_rete_progetto.zip,true,655439503,ok
r_piemon,r_piemon:6dcf9e8d-4a3a-4857-b4c2-727f50b32176,"Rete ecologica della Città Metropolitana di Torino: Carta degli habitat, Aree di Valore Ecologico (AVE) e Carta della connettività ecologica (FRAGM)",biota,https://www.datigeo-piem-download.it/direct/Geoportale/RegionePiemonte/ReteEcologica/Torino_elementi_rete_gpkg.zip,true,655407641,ok
r_piemon,r_piemon:30b8c78b-c623-4b4a-b80e-7a81ee5deb87,Ppr - Contesti perirubani di rilevanza regionale (tav. P5),planningCadastre,https://www.datigeo-piem-download.it/direct/Geoportale/RegionePiemonte/PPR/contesti_periurbani_di_rilevanza_regionale.zip,true,96920,ok
c_001272,c_l219:07ce053a-c7f3-484a-9927-2758c285f93b,"Uffici postali, anagrafici, turistici",society,http://geoportale.comune.torino.it/geodati/zip/uffici_geo.zip,true,21337,ok
c_001272,c_l219:07ce053a-c7f3-484a-9927-2758c285f93b,"Uffici postali, anagrafici, turistici",society,http://geoportale.comune.torino.it/geodati/zip/uffici_csv.zip,true,7616,ok
p_bi,p_bi:6c342a78-24f3-4358-8205-8c113e7783fc,Provincia di Biella - uso del suolo anno 2004,farming,https://www.provincia.biella.it/sit-e-cartografia/repertorio/consultazione/at6-matrice-ambientale,false,0,err
p_bi,p_bi:0d847dad-662c-45ac-b378-f04f2f137672,Provincia di Biella - PTPv1 - Stazioni ferroviarie,planningCadastre,https://www.provincia.biella.it/repertorio/consultazione/at8-strumenti-di-pianificazione/igt-u-carta-degli-indirizzi-di-governo-del,false,0,err
p_bi,p_bi:0d847dad-662c-45ac-b378-f04f2f137672,Provincia di Biella - PTPv1 - Stazioni ferroviarie,planningCadastre,https://www.provincia.biella.it/repertorio/consultazione/at8-strumenti-di-pianificazione/igt-f-politiche-territoriali-della,false,0,err
p_to,arlpa_to:07.07.02-D_2017-12-20-11:32,Arpa Piemonte - Sistema Informativo Valanghe - SIVA,geoscientificInformation,https://webgis.arpa.piemonte.it/w-metadoc/Download/valanghe/valanghe.zip,true,48707042,ok
r_piemon,r_piemon:adf3eaeb-3fae-4b83-92f9-fa6c7c276d68,Consorzi irrigui,farming,https://www.datigeo-piem-download.it/direct/Geoportale/RegionePiemonte/AGRICOLTURA/SIBI/consorzi.zip,true,3679969,ok
p_bi,p_bi:b31fcf1a-e5d2-4301-95ca-86238e61838c,Provincia di Biella - PTPv1 - Ambienti insediativi,planningCadastre,https://www.provincia.biella.it/repertorio/consultazione/at8-strumenti-di-pianificazione/ctp-art-articolazione-territoriale,false,0,err
r_piemon,r_piemon:d19afc61-31da-4580-a204-8b5cc6f862fc,Uso del suolo agricolo su mosaicatura catastale di riferimento regionale 2024,farming,https://www.geoportale.piemonte.it/visregpigo/?action-type=dwl&url=https://geoservices.csi.it/ms/wms/agrigeo/rp-01/agrigeowms/wms_griglia_scaricogp?service=WMS&version=1.3&request=getCapabilities&title=Scarico%20-%20Uso%20del%20suolo%20agricolo&layer=scUsoSuoAgri,true,18993,ok
r_piemon,r_piemon:d19afc61-31da-4580-a204-8b5cc6f862fc,Uso del suolo agricolo su mosaicatura catastale di riferimento regionale 2024,farming,https://www.datigeo-piem-download.it/direct/Geoportale/RegionePiemonte/AGRICOLTURA/UsoSuoloAgri/USO_SUOLO_AGRICOLO_2024-PROV-001-EPSG32632-GPKG.zip,true,139009317,ok
r_piemon,r_piemon:d19afc61-31da-4580-a204-8b5cc6f862fc,Uso del suolo agricolo su mosaicatura catastale di riferimento regionale 2024,farming,https://www.datigeo-piem-download.it/direct/Geoportale/RegionePiemonte/AGRICOLTURA/UsoSuoloAgri/USO_SUOLO_AGRICOLO_2024-PROV-006-EPSG32632-GPKG.zip,true,90218162,ok
r_piemon,r_piemon:d19afc61-31da-4580-a204-8b5cc6f862fc,Uso del suolo agricolo su mosaicatura catastale di riferimento regionale 2024,farming,https://www.datigeo-piem-download.it/direct/Geoportale/RegionePiemonte/AGRICOLTURA/UsoSuoloAgri/USO_SUOLO_AGRICOLO_2024-PROV-005-EPSG32632-GPKG.zip,true,54377208,ok
r_piemon,r_piemon:d19afc61-31da-4580-a204-8b5cc6f862fc,Uso del suolo agricolo su mosaicatura catastale di riferimento regionale 2024,farming,https://www.datigeo-piem-download.it/direct/Geoportale/RegionePiemonte/AGRICOLTURA/UsoSuoloAgri/USO_SUOLO_AGRICOLO_2024-PROV-096-EPSG32632-GPKG.zip,true,15196362,ok
r_piemon,r_piemon:d19afc61-31da-4580-a204-8b5cc6f862fc,Uso del suolo agricolo su mosaicatura catastale di riferimento regionale 2024,farming,https://www.datigeo-piem-download.it/direct/Geoportale/RegionePiemonte/AGRICOLTURA/UsoSuoloAgri/USO_SUOLO_AGRICOLO_2024-PROV-004-EPSG32632-GPKG.zip,true,161271496,ok
r_piemon,r_piemon:d19afc61-31da-4580-a204-8b5cc6f862fc,Uso del suolo agricolo su mosaicatura catastale di riferimento regionale 2024,farming,https://www.datigeo-piem-download.it/direct/Geoportale/RegionePiemonte/AGRICOLTURA/UsoSuoloAgri/USO_SUOLO_AGRICOLO_2024-PROV-003-EPSG32632-GPKG.zip,true,25516165,ok
r_piemon,r_piemon:d19afc61-31da-4580-a204-8b5cc6f862fc,Uso del suolo agricolo su mosaicatura catastale di riferimento regionale 2024,farming,https://www.datigeo-piem-download.it/direct/Geoportale/RegionePiemonte/AGRICOLTURA/UsoSuoloAgri/USO_SUOLO_AGRICOLO_2024-PROV-103-EPSG32632-GPKG.zip,true,14982348,ok
r_piemon,r_piemon:d19afc61-31da-4580-a204-8b5cc6f862fc,Uso del suolo agricolo su mosaicatura catastale di riferimento regionale 2024,farming,https://www.datigeo-piem-download.it/direct/Geoportale/RegionePiemonte/AGRICOLTURA/UsoSuoloAgri/USO_SUOLO_AGRICOLO_2024-PROV-002-EPSG32632-GPKG.zip,true,32458297,ok
r_piemon,r_piemon:298d5ce1-807c-4fc2-99d8-2b0a689fc207,Circhi glaciali - Linee,environment,https://www.datigeo-piem-download.it/direct/Geoportale/RegionePiemonte/Circhi_glaciali/Circhi_glaciali_arc.zip,true,863725,ok
c_001272,c_l219:7f665728-3ce5-40d2-860e-83dc5d3c7633,Urbanistica - PRG Azzonamento - Servizi,planningCadastre,http://geoportale.comune.torino.it/sec/zip/servizi.zip,true,799560,ok
p_to,cmto:1eff7e71-49e7-4d49-b213-90ef32ec2615,ORCO-SOANA Alluvione 13-16/10/2000,geoscientificInformation,https://www.cittametropolitana.torino.it/sites/default/files/pagina/risorse/sit-cartografico/dwd/geoportale/dati_scaricabili/difesa_del_suolo/studi_idrogeologici/orcosoana/Relazione_Orco-Soana_Alluvione2000.pdf,true,143483,ok
p_to,cmto:1eff7e71-49e7-4d49-b213-90ef32ec2615,ORCO-SOANA Alluvione 13-16/10/2000,geoscientificInformation,https://www.cittametropolitana.torino.it/sites/default/files/pagina/risorse/sit-cartografico/dwd/geoportale/dati_scaricabili/difesa_del_suolo/studi_idrogeologici/orcosoana/Criticita_Orco-Soana_Alluvione2000.pdf,true,975822,ok
r_piemon,r_piemon:92b4b78d-214d-4631-bd3d-fffc2cce54e5,Scarichi diretti da insediamento produttivo,environment,http://www.regione.piemonte.it/siriw/cartografia/mappastart.do,true,15248,ok
p_to,cmto:632b9515-83dd-4490-88c5-87b4ee8bde8f,"Zone per addestramento, allevamento, gare dei cani da caccia",environment,addestramento_cani_polyg.shp,false,0,skip_notthttp
p_to,arlpa_to:07.03.28-D_2013-05-17-15:17,Arpa Piemonte - Evento alluvionale del Settembre 1993 - Novembre 1994,geoscientificInformation,http://webgis.arpa.piemonte.it/Web22/eventi_alluvionali/dati/Ev_Allu_1993_1994.zip,true,1077597,ok
p_to,arlpa_to:07.03.28-D_2013-05-17-15:17,Arpa Piemonte - Evento alluvionale del Settembre 1993 - Novembre 1994,geoscientificInformation,http://webgis.arpa.piemonte.it/Web22/eventi_alluvionali/dati/Ev_Allu_1993_1994_sqlite.zip,true,743020,ok
c_001272,c_l219:ce8abe86-4f7a-4ea7-980b-0ec3df9ea4ca,Musei,society,http://geoportale.comune.torino.it/geodati/zip/musei_geo.zip,true,60085,ok
c_001272,c_l219:ce8abe86-4f7a-4ea7-980b-0ec3df9ea4ca,Musei,society,http://geoportale.comune.torino.it/geodati/zip/musei_csv.zip,true,5104,ok
p_to,cmto:dc3cd9de-25a6-4510-ac30-75408e2ba7b1,Piani di prevenzione e gestione delle acque di prima pioggia e di lavaggio delle aree esterne,environment,https://eds.cittametropolitana.torino.it/geoportale/SHP_INT_ACQ_METEO.php,true,89470,ok
r_piemon,r_piemon:6ad4e3ce-9252-40c0-b8ee-079dc68b5295,Ppr - Sistema delle fortificazioni (tav. P5),planningCadastre,https://www.datigeo-piem-download.it/direct/Geoportale/RegionePiemonte/PPR/sistema_fortificazioni.zip,true,5764,ok
r_piemon,r_piemon:eacc6100-c770-4902-99ba-f8112aac72af,Piano di Tutela delle Acque - Dati di trasmissivita' di pozzi superficiali,geoscientificInformation,https://www.datigeo-piem-download.it/direct/Geoportale/RegionePiemonte/Acqua/trasmissivita_sup.zip,true,5447,ok
p_bi,p_bi:3d82144b-45d0-4f12-a2c7-62c35301510e,Provincia di Biella - BDG Ambiti gestione idrologica,planningCadastre,https://www.provincia.biella.it/repertorio/consultazione/at8-strumenti-di-pianificazione/igt-s-carta-degli-indirizzi-di-governo-del,false,0,err
r_piemon,r_piemon:3bf01844-6f45-4743-becb-06b4a62a859e,Cartografia CSR 2023-2027 – Deficit di disponibilità idrica (Stato deficit idrico),farming,https://www.datigeo-piem-download.it/direct/Geoportale/RegionePiemonte/AGRICOLTURA/DeficitIdrico/PTA_2007_deficit_UFFICIALE.zip,true,929633,ok
r_piemon,r_piemon:ae91a3de-eabf-4207-b6d2-afcb86b475f0,Trincee drenanti,environment,http://www.regione.piemonte.it/siriw/cartografia/mappastart.do,true,15248,ok
r_piemon,r_piemon:17bb81b5-7e3d-4f23-bed2-7227f10c1c4f,Limiti amministrativi 1:100.000 - Aree provinciali - Storico,boundaries,https://www.datigeo-piem-download.it/direct/Geoportale/RegionePiemonte/Limiti_amministrativi/Province100_STORICO.zip,true,354889,ok
r_piemon,r_piemon:f5bdd57a-7e05-4769-81e2-104b797d35ff,Ppr - Fasce di buona connessione e Aree tampone (tav. P5),planningCadastre,https://www.datigeo-piem-download.it/direct/Geoportale/RegionePiemonte/PPR/fascebuonaconness_areetampone.zip,true,1188826,ok
c_001272,c_l219:b4e3cf64-7bd1-45df-98cd-633aa4082921,Mercati,economy,http://geoportale.comune.torino.it/geodati/zip/mercati_geo.zip,true,12317,ok
c_001272,c_l219:b4e3cf64-7bd1-45df-98cd-633aa4082921,Mercati,economy,http://geoportale.comune.torino.it/geodati/zip/mercati_csv.zip,true,8755,ok
r_piemon,r_piemon:3b0a82bd-1cb2-43b5-90ef-f36bc163b890,Forme Associative del Piemonte (l.r. 11/2012),boundaries,https://www.datigeo-piem-download.it/direct/Geoportale/RegionePiemonte/FORMASSO/Forme_Associative_shp.zip,true,11995615,ok
c_001272,c_l219:63203d8b-1308-4ca7-8cb9-e3b77ef3dd47,Cartografia in scarico - Carta del suolo pubblico 1:2000,imageryBaseMapsEarthCover,http://geoportale.comune.torino.it/geodati/zip/carta_suolo_pubblico_fogli_2000_geo.zip,true,11259,ok
c_001272,c_l219:63203d8b-1308-4ca7-8cb9-e3b77ef3dd47,Cartografia in scarico - Carta del suolo pubblico 1:2000,imageryBaseMapsEarthCover,http://geoportale.comune.torino.it/geodati/zip/carta_suolo_pubblico_fogli_2000_csv.zip,true,3243,ok
p_bi,p_bi:7cd37b4f-c58a-4fd7-ae09-af9bbab60963,Provincia di Biella - PTPv1 - Quadri ambientali,planningCadastre,https://www.provincia.biella.it/repertorio/consultazione/at8-strumenti-di-pianificazione/ctp-art-articolazione-territoriale,false,0,err
p_to,arlpa_to:07-04-01_f-D_2013-11-20:11.35,Arpa Piemonte - BDGeo100 - Frane,geoscientificInformation,http://webgis.arpa.piemonte.it/w-metadoc/Download/BDGeo100_frane.zip,true,2277647,ok
c_001272,c_l219:817f5c8a-b09d-48c8-afd7-9c5388e29e1d,Mobilità - Percorsi ciclabili,transportation,http://geoportale.comune.torino.it/geodati/zip/percorsi_ciclabili_geo.zip,true,406642,ok
c_001272,c_l219:817f5c8a-b09d-48c8-afd7-9c5388e29e1d,Mobilità - Percorsi ciclabili,transportation,http://geoportale.comune.torino.it/geodati/zip/percorsi_ciclabili_csv.zip,true,455154,ok
p_to,arlpa_to:07.04.02-D_2011-03-24-11:43,Arpa Piemonte - SIFraP - Sistema Informativo Frane in Piemonte,geoscientificInformation,https://webgis.arpa.piemonte.it/w-metadoc/Download/sifrap.zip,true,28250441,ok
c_001272,c_l219:f3f62052-2209-45ea-8c15-ec279d950ccc,Mobilità - Stazioni ricarica veicoli elettrici,transportation,http://geoportale.comune.torino.it/geodati/zip/stazioni_ricarica_veicoli_elettr_csv.zip,true,3047,ok
c_001272,c_l219:f3f62052-2209-45ea-8c15-ec279d950ccc,Mobilità - Stazioni ricarica veicoli elettrici,transportation,http://geoportale.comune.torino.it/geodati/zip/stazioni_ricarica_veicoli_elettr_geo.zip,true,9866,ok
r_piemon,r_piemon:006cb751-4274-4ac3-a5bd-5bb3f1bbd251,Land Cover Piemonte: Classificazione uso del suolo 2010 (vettoriale) - STORICO,geoscientificInformation,https://www.geoportale.piemonte.it/visregpigo/?action-type=dwl&url=https://geomap.reteunitaria.piemonte.it/ws/taims/rp-01/taimsscaricogp/wms_scaricogp?service=WMS&version=1.3&request=getCapabilities&title=Scarico%20-%20Land%20Cover%20Piemonte%202010%20storico&layer=scLCP2010,true,18993,ok
c_001272,c_l219:b4d0d022-8c48-4573-bc3d-df592e6f6e14,Mobilità - Sensi unici,transportation,http://geoportale.comune.torino.it/geodati/zip/sensi_unici_geo.zip,true,80578,ok
c_001272,c_l219:b4d0d022-8c48-4573-bc3d-df592e6f6e14,Mobilità - Sensi unici,transportation,http://geoportale.comune.torino.it/geodati/zip/sensi_unici_csv.zip,true,98122,ok
c_001272,c_l219:bc7c6c45-da8b-454c-9fb9-635a63b7b361,Mobilità - Parcheggi zona Blu,transportation,http://geoportale.comune.torino.it/geodati/zip/parcheggi_zona_blu_geo.zip,true,73536,ok
c_001272,c_l219:bc7c6c45-da8b-454c-9fb9-635a63b7b361,Mobilità - Parcheggi zona Blu,transportation,http://geoportale.comune.torino.it/geodati/zip/parcheggi_zona_blu_csv.zip,true,71886,ok
p_to,cmto:3f1350b7-15f3-495c-a075-8c007ece3f58,PTC 2 - Grande distribuzione autorizzata,utilitiesCommunication,https://www.cittametropolitana.torino.it/sites/default/files/pagina/risorse/territorio/dwd/pianificazione-territoriale/ptc2/shape_tavole/tav22/grande_distribuzione_post114_98.zip,true,23219,ok
r_piemon,r_piemon:0529dbc3-c43e-4081-8fc6-a2decd9f7697,Ambiti amministrativi - Comuni - 2017 Storico,boundaries,https://www.datigeo-piem-download.it/direct/Geoportale/RegionePiemonte/Limiti_amministrativi/Ambiti_amministrativi_comuni_serie_storica/AMBITI_AMMINISTRATIVI_COMUNI_2017.zip,true,9665984,ok
p_to,cmto:2eda1d65-5d88-403d-9416-378d8bfc87df,PTC 2 - Scuole superiori non statali,utilitiesCommunication,https://www.cittametropolitana.torino.it/sites/default/files/pagina/risorse/territorio/dwd/pianificazione-territoriale/ptc2/shape_tavole/tav21/scuole_superiori_non_statali.zip,true,21658,ok
r_piemon,r_piemon:16c0124d-3b84-4a91-ab97-4ee1ef1aa940,Zone di Protezione Speciale (ZPS),biota,https://www.datigeo-piem-download.it/direct/Geoportale/RegionePiemonte/Aree_protette/zps_wgs84.zip,true,1201360,ok
r_piemon,r_piemon:16c0124d-3b84-4a91-ab97-4ee1ef1aa940,Zone di Protezione Speciale (ZPS),biota,https://www.datigeo-piem-download.it/direct/Geoportale/RegionePiemonte/Aree_protette/zps_regione_piemonte_kml.zip,true,1422627,ok
p_to,arlpa_to:01.02.17-D_2016-05-09-16:16,Arpa Piemonte - Monitoraggio della qualità delle acque superficiali in Piemonte,inlandWaters,https://webgis.arpa.piemonte.it/w-metadoc/Download/monitoraggio_acque_superficiali/monitoraggio_acque_superficiali.zip,true,281723,ok
p_bi,p_bi:124a5975-e00e-410c-8a0f-c5bbe28b2a10,Provincia di Biella - BDG Falda superficiale,inlandWaters,https://www.provincia.biella.it/repertorio/consultazione/at8-strumenti-di-pianificazione/igt-s-carta-degli-indirizzi-di-governo-del,false,0,err
c_001272,c_l219:65cac3f0-eb95-4573-99bb-45abd940c541,Cimiteri,society,http://geoportale.comune.torino.it/geodati/zip/cimiteri_geo.zip,true,18971,ok
c_001272,c_l219:65cac3f0-eb95-4573-99bb-45abd940c541,Cimiteri,society,http://geoportale.comune.torino.it/geodati/zip/cimiteri_csv.zip,true,2328,ok
p_to,arlpa_to:07-01-01-D_2011-06-01-13:40,"Arpa Piemonte - Banca Dati Geotecnica - Sondaggi geognostici, campioni di terreno e indagini geofisiche",geoscientificInformation,https://webgis.arpa.piemonte.it/geodissesto/geotecnica/geotecnica.zip,true,0,ok
r_piemon,r_piemon:c25a7493-1149-407e-ac9f-caed989f3640,Ppr - Aree e impianti della produzione industriale ed energetica di interesse storico (tav. P4),society,https://www.datigeo-piem-download.it/direct/Geoportale/RegionePiemonte/PPR/aree_produz_industr_storica.zip,true,41269,ok
p_to,cmto:b3358737-9c3a-4d7a-8aa2-d4c3a174f50c,PTC 2 - PIANO TERRITORIALE DI COORDINAMENTO - TAVOLA 2.1,planningCadastre,https://www.cittametropolitana.torino.it/sites/default/files/pagina/risorse/territorio/dwd/pianificazione-territoriale/ptc2/tav_2-1_servizi.pdf,true,3691899,ok
c_001272,c_l219:20c2eafa-0042-4f71-ba4b-b34ffb7ec234,Urbanistica - PRG ZUCS - Cortili della ZUCS,planningCadastre,http://geoportale.comune.torino.it/sec/zip/cortili_della_zucs.zip,true,262539,ok
p_bi,p_bi:d14c590e-ff3a-4a5c-b1ed-ac2b7e673f56,Provincia di Biella - rete ecologica,environment,https://www.provincia.biella.it/sit-e-cartografia/repertorio/consultazione/at6-matrice-ambientale,false,0,err
r_piemon,r_piemon:79964631-e3cd-491e-9531-6b0d547ff73d,Viabilita' 1:100.000 - Strade provinciali - Storico,transportation,https://www.datigeo-piem-download.it/direct/Geoportale/RegionePiemonte/Strade_provinciali/Provinciali_100k_storico.zip,true,1624846,ok
p_to,arlpa_to:07-11-00-D_2017-05-22-12:00,"CNR IGG, Arpa Piemonte - Carta geologica, GeoPiemonte Map",geoscientificInformation,https://webgis.arpa.piemonte.it/w-metadoc/Download/GeoPiemonte.zip,true,14066727,ok
r_piemon,r_piemon:8092e59a-2bd2-4fed-a01d-b5376c3a3ecc,Mosaicatura PRG (Piani Regolatori Generali) - Storico,planningCadastre,https://www.datigeo-piem-download.it/direct/Geoportale/RegionePiemonte/MOSAICATURA/Mosaicatura_PRG_Alessandria.zip,true,30498183,ok
r_piemon,r_piemon:8092e59a-2bd2-4fed-a01d-b5376c3a3ecc,Mosaicatura PRG (Piani Regolatori Generali) - Storico,planningCadastre,https://www.datigeo-piem-download.it/direct/Geoportale/RegionePiemonte/MOSAICATURA/Mosaicatura_PRG_Asti.zip,true,24560779,ok
r_piemon,r_piemon:8092e59a-2bd2-4fed-a01d-b5376c3a3ecc,Mosaicatura PRG (Piani Regolatori Generali) - Storico,planningCadastre,https://www.datigeo-piem-download.it/direct/Geoportale/RegionePiemonte/MOSAICATURA/Mosaicatura_PRG_Biella.zip,true,22053753,ok
r_piemon,r_piemon:8092e59a-2bd2-4fed-a01d-b5376c3a3ecc,Mosaicatura PRG (Piani Regolatori Generali) - Storico,planningCadastre,https://www.datigeo-piem-download.it/direct/Geoportale/RegionePiemonte/MOSAICATURA/Mosaicatura_PRG_Cuneo.zip,true,51070400,ok
r_piemon,r_piemon:8092e59a-2bd2-4fed-a01d-b5376c3a3ecc,Mosaicatura PRG (Piani Regolatori Generali) - Storico,planningCadastre,https://www.datigeo-piem-download.it/direct/Geoportale/RegionePiemonte/MOSAICATURA/Mosaicatura_PRG_Novara.zip,true,19292382,ok
r_piemon,r_piemon:8092e59a-2bd2-4fed-a01d-b5376c3a3ecc,Mosaicatura PRG (Piani Regolatori Generali) - Storico,planningCadastre,https://www.datigeo-piem-download.it/direct/Geoportale/RegionePiemonte/MOSAICATURA/Mosaicatura_PRG_Torino.zip,true,56541329,ok
r_piemon,r_piemon:8092e59a-2bd2-4fed-a01d-b5376c3a3ecc,Mosaicatura PRG (Piani Regolatori Generali) - Storico,planningCadastre,https://www.datigeo-piem-download.it/direct/Geoportale/RegionePiemonte/MOSAICATURA/Mosaicatura_PRG_Verbania.zip,true,22362701,ok
r_piemon,r_piemon:8092e59a-2bd2-4fed-a01d-b5376c3a3ecc,Mosaicatura PRG (Piani Regolatori Generali) - Storico,planningCadastre,https://www.datigeo-piem-download.it/direct/Geoportale/RegionePiemonte/MOSAICATURA/Mosaicatura_PRG_Vercelli.zip,true,11969899,ok
p_bi,p_bi:9751494c-5a05-4555-aee5-e42f846fa505,Provincia di Biella - PTPv1 - Poli funzionali,planningCadastre,https://www.provincia.biella.it/repertorio/consultazione/at8-strumenti-di-pianificazione/igt-u-carta-degli-indirizzi-di-governo-del,false,0,err
p_bi,p_bi:ef3b8741-e6de-4797-8712-0f9c1681bee6,Provincia di Biella - BDG Frane stabilizzate,geoscientificInformation,https://www.provincia.biella.it/repertorio/consultazione/at8-strumenti-di-pianificazione/igt-s-carta-degli-indirizzi-di-governo-del,false,0,err
p_to,cmto:73231a9b-36a1-4bde-966e-c2f33d47fa28,Itinerari escursionistici,environment,https://www.datigeo-piem-download.it/direct/Geoportale/CMTO/Risorse_agricole_e_forestali/SVILUPPO_MONTANO/Itinerari_escursionistici.zip,true,1073870,ok
r_piemon,r_piemon:6c9c3213-adc7-40ca-b930-0c3e76755559,"Gruppi di azione locale (GAL) da PSR 2007-2013, alla scala 1:10000 - STORICO",boundaries,https://www.datigeo-piem-download.it/direct/Geoportale/RegionePiemonte/Aree_montane/gal_psr_2007_2013.zip,true,849871,ok
c_001272,c_l219:b3fd0754-61e6-4f3a-a2a7-3879f378e05b,Bagni pubblici,society,http://geoportale.comune.torino.it/geodati/zip/bagni_pubblici_geo.zip,true,5614,ok
c_001272,c_l219:b3fd0754-61e6-4f3a-a2a7-3879f378e05b,Bagni pubblici,society,http://geoportale.comune.torino.it/geodati/zip/bagni_pubblici_csv.zip,true,1580,ok
p_bi,p_bi:93aca2b9-3fd0-4e9a-9bd7-1c0e633ce4c3,Provincia di Biella - Sistema Informativo Strade - elementi di riferimento,transportation,https://www.provincia.biella.it/sit-e-cartografia/repertorio/consultazione/at7-mobilita-e-trasporti,false,0,err
p_to,cmto:53fb5dba-639b-423f-92dd-e3366d56fae9,PTC 2 - PIANO TERRITORIALE DI COORDINAMENTO - TAVOLA 2.2,planningCadastre,https://www.cittametropolitana.torino.it/sites/default/files/pagina/risorse/territorio/dwd/pianificazione-territoriale/ptc2/tav_2-2_insediamenti.pdf,true,3742915,ok
c_001272,c_l219:f71649ef-0855-4f16-abc6-9c6c0a4e4658,Cartografia in scarico - Carta tecnica - fogli 1:1000,imageryBaseMapsEarthCover,http://geoportale.comune.torino.it/geodati/zip/carta_tecnica_fogli_1000_geo.zip,true,26264,ok
c_001272,c_l219:f71649ef-0855-4f16-abc6-9c6c0a4e4658,Cartografia in scarico - Carta tecnica - fogli 1:1000,imageryBaseMapsEarthCover,http://geoportale.comune.torino.it/geodati/zip/carta_tecnica_fogli_1000_csv.zip,true,16973,ok
r_piemon,r_piemon:a6a06e39-05a0-42e4-8231-4db0656f6981,CSR 2023-2027. Aree a rischio di asportazione della vegetazione arborea,inlandWaters,https://www.datigeo-piem-download.it/direct/Geoportale/RegionePiemonte/SIFOR/CSR_2023-2027_Aree_rischio_asportazione_veget_arborea.zip,true,373050,ok
r_piemon,r_piemon:0cdd5f07-b835-4a23-92d7-c571761bf0e8,Ppr - Alberi monumentali (tav. P2),planningCadastre,https://www.datigeo-piem-download.it/direct/Geoportale/RegionePiemonte/PPR/alberi_monumentali.zip,true,5974,ok
r_piemon,r_piemon:31968206-1d07-4afc-9138-fba89838565e,Ppr - Sistemi di valorizzazione del patrimonio culturale (tav. P5),planningCadastre,https://www.datigeo-piem-download.it/direct/Geoportale/RegionePiemonte/PPR/sistema_valorizzaz_patrimonio_culturale.zip,true,12694,ok
r_piemon,r_piemon:90b5bec9-8349-4ee9-b2e1-76b924e259a8,Confini di riferimento Aziende Agri-turistico venatorie (AATV) e Aziende faunistico venatorie (AFV),farming,https://www.datigeo-piem-download.it/direct/Geoportale/RegionePiemonte/AGRICOLTURA/AATV_AFV/aatv_afv.zip,true,4126799,ok
r_piemon,r_piemon:5c6e7242-6a59-487f-be2b-f5b578825f42,Ppr - Punti panoramici (tav. P5),planningCadastre,https://www.datigeo-piem-download.it/direct/Geoportale/RegionePiemonte/PPR/punti_panoramici.zip,true,9848,ok
p_to,arlpa_to:07.07.02-D_2025-06-17-16:00,Arpa Piemonte - Sistema Informativo Valanghe - CATASTO VALANGHE,geoscientificInformation,https://webgis.arpa.piemonte.it/w-metadoc/Download/valanghe/valanghe.zip,true,48707042,ok
r_piemon,r_piemon:tza75r3q-e895-ro47-8321-aee514ep931a,Fasce fluviali e aree inondabili vigenti,planningCadastre,https://www.datigeo-piem-download.it/direct/Geoportale/RegionePiemonte/PAI/FASCE_FLUVIALI_VIGENTI.zip,true,6522817,ok
r_piemon,r_piemon:a2c562a0-28e1-414f-baaa-35529a9881ee,Carta dei paesaggi agrari e forestali - Sovraunità di Paesaggio,biota,https://www.datigeo-piem-download.it/direct/Geoportale/RegionePiemonte/AGRICOLTURA/CARPAS/CARPAS_Sovraunita_di_paesaggio.zip,true,2724058,ok
r_piemon,r_piemon:96b6a054-c7f2-4d84-a069-834cb7d6655e,Carta dei paesaggi agrari e forestali - Sottosistemi di Paesaggio,biota,https://www.datigeo-piem-download.it/direct/Geoportale/RegionePiemonte/AGRICOLTURA/CARPAS/CARPAS_Sottosistemi_di_paesaggio.zip,true,1896759,ok
c_001272,c_l219:71bd559a-de54-4ebc-84c4-4c304a53a720,Urbanistica - PRG Azzonamento - Zone di piano,planningCadastre,http://geoportale.comune.torino.it/sec/zip/zone_di_piano.zip,true,2368186,ok
c_001272,c_l219:6865be70-53b4-443c-8e09-d7af016cd527,Catasto Terreni 1:1000 - Particelle fabbricati,planningCadastre,http://geoportale.comune.torino.it/sec/zip/particelle_fabbricati.zip,true,7701724,ok
r_piemon,r_piemon:dl45po47-sh45-p44w-854d-58fdq6p9iu45,Carta dei suoli 1:250000,biota,https://www.datigeo-piem-download.it/direct/Geoportale/RegionePiemonte/AGRICOLTURA/CarteSuoli/Carta_Suoli_250.zip,true,21412977,ok
p_to,arlpa_to:07.03.29-D_2013-05-17-11:45,Arpa Piemonte - Evento alluvionale del 24-26 Agosto 1987,geoscientificInformation,http://webgis.arpa.piemonte.it/Web22/eventi_alluvionali/dati/Ev_Allu_1987.zip,true,292960,ok
p_to,arlpa_to:07.03.29-D_2013-05-17-11:45,Arpa Piemonte - Evento alluvionale del 24-26 Agosto 1987,geoscientificInformation,http://webgis.arpa.piemonte.it/Web22/eventi_alluvionali/dati/Ev_Allu_1987_sqlite.zip,true,989068,ok
r_piemon,r_piemon:4368c018-6b58-4834-b233-c45360cb1206,Aree protette e altre aree tutelate,environment,https://www.datigeo-piem-download.it/direct/Geoportale/RegionePiemonte/Aree_protette/parchi_wgs84.zip,true,1326780,ok
r_piemon,r_piemon:4368c018-6b58-4834-b233-c45360cb1206,Aree protette e altre aree tutelate,environment,https://www.datigeo-piem-download.it/direct/Geoportale/RegionePiemonte/Aree_protette/Aree_contigue_Piemonte.zip,true,292370,ok
r_piemon,r_piemon:4368c018-6b58-4834-b233-c45360cb1206,Aree protette e altre aree tutelate,environment,https://www.datigeo-piem-download.it/direct/Geoportale/RegionePiemonte/Aree_protette/Aree_protette_Piemonte.zip,true,985673,ok
c_001272,c_l219:4919790c-9958-4336-a4b1-3296d1fef87e,Maglie archivio edilizio,imageryBaseMapsEarthCover,http://geoportale.comune.torino.it/geodati/zip/maglie_archivio_edilizio_geo.zip,true,691508,ok
c_001272,c_l219:4919790c-9958-4336-a4b1-3296d1fef87e,Maglie archivio edilizio,imageryBaseMapsEarthCover,http://geoportale.comune.torino.it/geodati/zip/maglie_archivio_edilizio_csv.zip,true,646574,ok
r_piemon,r_piemon:a72ad7e9-9699-4f9c-a820-37c1e71d74fa,Ripresa aerea 1995 SUSA ROSSI Piano di volo,imageryBaseMapsEarthCover,https://www.datigeo-piem-download.it/direct/Geoportale/RegionePiemonte/Voli/Ripresa_Aerea_1995_SusaRossi_PianoVolo/ABBRACCIAMENTO.zip,true,389821,ok
r_piemon,r_piemon:c91e059a-84db-462c-a00a-db39ae6b08af,Atlante delle analisi dei terreni,biota,https://www.datigeo-piem-download.it/direct/Geoportale/RegionePiemonte/Atlante_terreni/AtlanteAnalisiTerreni.zip,true,2681745,ok
c_001272,c_l219:b5727fc3-bce3-45b0-8ec5-105c35037344,Mobilità - ZTL - Zone Traffico Limitato,transportation,http://geoportale.comune.torino.it/geodati/zip/ztl_geo.zip,true,31933,ok
c_001272,c_l219:b5727fc3-bce3-45b0-8ec5-105c35037344,Mobilità - ZTL - Zone Traffico Limitato,transportation,http://geoportale.comune.torino.it/geodati/zip/ztl_csv.zip,true,27750,ok
p_to,arlpa_to:01.01.04-D_2011-06-14-16:09,Arpa Piemonte - Reticolo idrografico Direttiva Quadro Acque WFD 60/2000/CE,inlandWaters,https://webgis.arpa.piemonte.it/w-metadoc/Download/WFD2000_60_CE_BDTRE.zip,true,20703151,ok
r_piemon,r_piemon:f012eff3-b03d-4abd-b0b1-d2c9c977c896,Punti di restituzione in corsi d’acqua,environment,http://www.regione.piemonte.it/siriw/cartografia/mappastart.do,true,15248,ok
r_piemon,r_piemon:62b3474a-e324-413a-8cac-6d90df2fd07d,Prese da acque superficiali,environment,http://www.regione.piemonte.it/siriw/cartografia/mappastart.do,true,15248,ok
r_piemon,r_piemon:c7a68f5e-f174-4be5-ac63-733a8f73aef1,Tratti di canale Tratti di galleria Tratti di condotta generica Tratti di condotta forzata - Derivazioni idriche,environment,http://www.regione.piemonte.it/siriw/cartografia/mappastart.do,true,15248,ok
p_bi,p_bi:2059034e-99a8-44d2-b032-f9a5f40374fd,Provincia di Biella - capacità d'uso dei suoli e loro limitazioni,farming,https://www.provincia.biella.it/sit-e-cartografia/repertorio/consultazione/at6-matrice-ambientale,false,0,err
r_piemon,r_piemon:773086ca-1c9b-498b-8394-c553fad6d4b9,Toponomastica 1:10.000,location,https://www.datigeo-piem-download.it/direct/Geoportale/RegionePiemonte/Topon/Toponomastica_10.zip,true,2461539,ok
r_piemon,r_piemon:1fa04620-c1d6-4512-8434-5cf7dd5b301b,Anagrafe Regionale dei Siti Contaminati (ASCO),environment,https://www.datigeo-piem-download.it/direct/Geoportale/RegionePiemonte/Ambiente/ASCO_Anagrafe_Siti_Contaminati.zip,true,112523,ok
r_piemon,r_piemon:2666b617-8a24-443b-82a8-2eace07fe726,Sorgenti,environment,http://www.regione.piemonte.it/siriw/cartografia/mappastart.do,true,15248,ok
r_piemon,r_piemon:f6e77fd1-9795-4da9-b629-244de8160415,Carta dei paesaggi agrari e forestali - Sistemi di Paesaggio,biota,https://www.datigeo-piem-download.it/direct/Geoportale/RegionePiemonte/AGRICOLTURA/CARPAS/CARPAS_Sistemi_di_paesaggio.zip,true,1576254,ok
c_001272,c_l219:5f39d376-e3fb-43b8-89a2-bd1e7614b4a5,Urbanistica - PRG Var. Geologica - Zonizzazione geomorfologica,planningCadastre,http://geoportale.comune.torino.it/sec/zip/zonizzazione_geomorfologica.zip,true,732044,ok
r_piemon,r_piemon:a2718483-8041-491d-8649-86b2e3f7a006,Ppr - Lettera c) corpi idrici (tav. P2) / Sistema idrografico (tav. P4) AGGIORNAMENTO 2026,planningCadastre,https://www.datigeo-piem-download.it/direct/Geoportale/RegionePiemonte/PPR/Lettera_c_corpi_idrici.zip,true,3669523,ok
c_001272,c_l219:93061839-e81d-42a1-9f6d-1d9983ec44e9,Urbanistica - PRG Altre prescrizioni - Boschi e vincolo idrogeologico. Parchi regionali,planningCadastre,http://geoportale.comune.torino.it/sec/zip/boschi_e_vincolo_idrogeologico_parchi_regionali.zip,true,262284,ok
r_piemon,r_piemon:47b602ce-56fb-4a7e-a7ee-d6df1bc203c0,Idrogeologia - Permeabilità prevalente della zona non satura 1:100.000,environment,https://www.datigeo-piem-download.it/direct/Geoportale/RegionePiemonte/Acqua/Permeabilita_prevalente_keq.zip,true,1866625,ok
r_piemon,r_piemon:47b602ce-56fb-4a7e-a7ee-d6df1bc203c0,Idrogeologia - Permeabilità prevalente della zona non satura 1:100.000,environment,https://www.datigeo-piem-download.it/direct/Geoportale/RegionePiemonte/Acqua/Idrogeologia_pianura_piemontese.pdf,true,2288182,ok
p_to,arlpa_to:07.03.30-D_2013-05-16-16:02,Arpa Piemonte - Eventi alluvionali 1972-1977 - Acqui Terme,geoscientificInformation,https://webgis.arpa.piemonte.it/w-metadoc/Download/alluvioni/allu_1972_1977.zip,true,935647,ok
r_piemon,r_piemon:f8d5631a-1e94-4db1-86d7-4b4a3df5caa5,BDTRE 2017 - RASTER B/N 1:10.000,imageryBaseMapsEarthCover,https://www.geoportale.piemonte.it/visregpigo/?action-type=dwl&url=https://geoservices.csi.it/ms/wms/bdtre/rp-01/bdtrewms/wms_griglia_scaricogp?service=WMS&version=1.3&request=getCapabilities&title=Scarico%20-%20BDTRE%20raster%20b/n%201:10.000%20(2014-2019)&layer=scBD3CTRstor,true,18993,ok
p_to,cmto:eae70ebe-3a37-48b5-b736-a320674c7eb5,CHISONE e GERMANASCA - Studio Idrogeologico,geoscientificInformation,https://www.cittametropolitana.torino.it/sites/default/files/pagina/risorse/sit-cartografico/dwd/geoportale/dati_scaricabili/difesa_del_suolo/studi_idrogeologici/chisonegermanasca/Stralcio_Relazione_studio_105.pdf,true,15582653,ok
p_to,cmto:eae70ebe-3a37-48b5-b736-a320674c7eb5,CHISONE e GERMANASCA - Studio Idrogeologico,geoscientificInformation,https://www.cittametropolitana.torino.it/sites/default/files/pagina/risorse/sit-cartografico/dwd/geoportale/dati_scaricabili/difesa_del_suolo/studi_idrogeologici/chisonegermanasca/Ponti_e_attraversamenti_studio_105.pdf,true,37633895,ok
r_piemon,r_piemon:7560d0b2-7ae9-421d-94f7-5fac2791f5b9,Ambiti amministrativi - Comuni vigenti,boundaries,https://www.datigeo-piem-download.it/direct/Geoportale/RegionePiemonte/Limiti_amministrativi/AMBITI_AMMINISTRATIVI_COMUNI_VIGENTI.zip,true,23349937,ok
r_piemon,r_piemon:373e14f9-366d-49b5-82c8-e98506fd04c0,Idrografia 1:100000 - Corsi d'acqua  - Storico,inlandWaters,https://www.datigeo-piem-download.it/direct/Geoportale/RegionePiemonte/Idrografia/Idro100-fiumi.zip,true,9140159,ok
r_piemon,r_piemon:2dac83db-52f7-42c4-9531-ce1415b805b0,ALLESTIMENTO CARTOGRAFICO DI RIFERIMENTO BDTRE 2026 COLORI 1:50.000,imageryBaseMapsEarthCover,https://www.geoportale.piemonte.it/visregpigo/?action-type=dwl&url=https://geoservices.csi.it/ms/wms/bdtre/rp-01/bdtrewms/wms_griglia_scaricogp?service=WMS&version=1.3&request=getCapabilities&title=Scarico%20-%20Allestimento%201:50.000%20BDTRE%202026&layer=scBD3fg50,true,18993,ok
r_piemon,r_piemon:9fbd0dba-9603-49ce-a290-da6612c92580,Aree RME - aree a rischio idrogeologico molto elevato,biota,https://www.datigeo-piem-download.it/direct/Geoportale/RegionePiemonte/PAI/perimet_rme.zip,true,103180,ok
r_piemon,r_piemon:c763ae28-98dc-4001-a7a3-1860ddfeab84,Limiti amministrativi 1:100.000 - Aree comunali - Storico,boundaries,https://www.datigeo-piem-download.it/direct/Geoportale/RegionePiemonte/Limiti_amministrativi/Comuni100_STORICO.zip,true,3579612,ok
r_piemon,r_piemon:4f4ee4a8-261e-4771-9912-b36327ff9c0e,TRAFFICO GIORNALIERO MEDIO E ALTRI DATI SVR 2020 SU ELEMENTO STRADALE BDTRE,transportation,https://www.datigeo-piem-download.it/direct/Geoportale/RegionePiemonte/TRASPORTI/DatiSVR2020_su_ElementoStradaleBDTRE.zip,true,82482572,ok
c_001272,c_l219:69a50017-e6b4-4b00-b06b-c4507c1afc15,Azzonamenti Statistici - Circoscrizioni,boundaries,http://geoportale.comune.torino.it/geodati/zip/circoscrizioni_geo.zip,true,37656,ok
c_001272,c_l219:69a50017-e6b4-4b00-b06b-c4507c1afc15,Azzonamenti Statistici - Circoscrizioni,boundaries,http://geoportale.comune.torino.it/geodati/zip/circoscrizioni_csv.zip,true,33776,ok
p_to,arlpa_to:07.03.26-D_2013-05-02-14:44,Arpa Piemonte - Evento alluvionale del 5-6 Novembre1994,geoscientificInformation,https://webgis.arpa.piemonte.it/w-metadoc/Download/alluvioni/allu_1994.zip,true,18631156,ok
r_piemon,r_piemon:57ac0ec6-d439-408c-964a-91c20eb1741a,Aree montane 1:100.000 - Storico,imageryBaseMapsEarthCover,https://www.datigeo-piem-download.it/direct/Geoportale/RegionePiemonte/Aree_montane/Aree_montane_storico.zip,true,629966,ok
p_to,arlpa_to:07.03.32-D_2013-05-17-16:38,Arpa Piemonte - Evento alluvionale del 4-6 Giugno 2002,geoscientificInformation,http://webgis.arpa.piemonte.it/Web22/eventi_alluvionali/dati/Ev_Allu_2002.zip,true,59517,ok
p_to,arlpa_to:07.03.32-D_2013-05-17-16:38,Arpa Piemonte - Evento alluvionale del 4-6 Giugno 2002,geoscientificInformation,http://webgis.arpa.piemonte.it/Web22/eventi_alluvionali/dati/Ev_Allu_2002_sqlite.zip,true,0,ok
r_piemon,r_piemon:da9b12ba-866a-4f0f-8704-5b7b753e4f15,BDTRE 2026 - Database GeoTopografico (dataset vettoriale - scarico per comune),imageryBaseMapsEarthCover,https://www.geoportale.piemonte.it/visregpigo/?action-type=dwl&url=https://geoservices.csi.it/ms/wms/bdtre/rp-01/bdtrewms/wms_griglia_scaricogp?service=WMS&version=1.3&request=getCapabilities&title=Scarico%20-%20BDTRE%20vettoriale%20(annuale%20-%20struttura%20NC)&layer=scBD3comune,true,18993,ok
c_001272,c_l219:5349da48-7b4a-41db-8eec-ac0b4a024a2c,Mobilità - Percorsi loges,transportation,http://geoportale.comune.torino.it/geodati/zip/percorsi_loges_geo.zip,true,7087,ok
c_001272,c_l219:5349da48-7b4a-41db-8eec-ac0b4a024a2c,Mobilità - Percorsi loges,transportation,http://geoportale.comune.torino.it/geodati/zip/percorsi_loges_csv.zip,true,2614,ok
c_001272,c_l219:b560562e-753a-4a35-9d19-72bd8079e3f5,Cartografia in scarico - Carta di sintesi 1:10000,imageryBaseMapsEarthCover,http://geoportale.comune.torino.it/geodati/zip/carta_di_sintesi_fogli_10000_geo.zip,true,7252,ok
c_001272,c_l219:b560562e-753a-4a35-9d19-72bd8079e3f5,Cartografia in scarico - Carta di sintesi 1:10000,imageryBaseMapsEarthCover,http://geoportale.comune.torino.it/geodati/zip/carta_di_sintesi_fogli_10000_csv.zip,true,615,ok
r_piemon,r_piemon:9b1b7c24-dabc-49df-8550-2b246dca19f0,Valori economici immobiliari (OMI 2016) e Popolazione residente (Censimento 2011) della classe Edificio della BDTRE,planningCadastre,https://www.datigeo-piem-download.it/direct/Geoportale/RegionePiemonte/OMI/ValoriOMI2016_su_EdificioBDTRE2017.zip,true,286591314,ok
r_piemon,r_piemon:d8632dda-2e41-4ff7-a9bd-16c7ddac6555,Consumo di suolo (Monitoraggio storico 1991-2005),planningCadastre,https://www.geoportale.piemonte.it/visregpigo/?action-type=dwl&url=https://geomap.reteunitaria.piemonte.it/ws/taims/rp-01/taimsscaricogp/wms_scaricogp?service=WMS&version=1.3&request=getCapabilities&title=Scarico%20-%20Consumo%20di%20Suolo&layer=scCDS,true,18993,ok
r_piemon,r_piemon:274504fb-2c98-49f6-890c-0ec3f1bfcb58,Pozzi,environment,http://www.regione.piemonte.it/siriw/cartografia/mappastart.do,true,15248,ok
c_001272,c_l219:8bc16b3c-49a9-41ad-a6de-12d90786963a,Piano del commercio - Tipi addensamento,planningCadastre,http://geoportale.comune.torino.it/sec/zip/addensamenti_tipi.zip,true,647994,ok
p_to,cmto:91be5701-4655-4efb-aa37-8b81e38a29f2,PTC 2 - Siti Unesco,society,https://www.cittametropolitana.torino.it/sites/default/files/pagina/risorse/territorio/dwd/pianificazione-territoriale/ptc2/shape_tavole/tav32/siti_unesco_ppr.zip,true,48872,ok
p_to,arlpa_to:16.01.01-D_2015-05-19:13:20,Arpa Piemonte - Mappatura delle potenziali coperture in cemento-amianto,environment,https://webgis.arpa.piemonte.it/w-metadoc/Download/amianto_PRA_pubblico.zip,true,3690319,ok
c_001272,c_l219:5f9f6088-5504-40af-8313-e6cbafa860a9,Pubblica sicurezza,health,http://geoportale.comune.torino.it/geodati/zip/pubblica_sicurezza_geo.zip,true,33829,ok
c_001272,c_l219:5f9f6088-5504-40af-8313-e6cbafa860a9,Pubblica sicurezza,health,http://geoportale.comune.torino.it/geodati/zip/pubblica_sicurezza_csv.zip,true,8176,ok
p_bi,p_bi:a238f52e-48cd-4761-bc14-d4ec8d97a2d7,Provincia di Biella - PTPv1 - caselli autostradali,transportation,https://www.provincia.biella.it/repertorio/consultazione/at8-strumenti-di-pianificazione/igt-u-carta-degli-indirizzi-di-governo-del,false,0,err
p_bi,p_bi:a238f52e-48cd-4761-bc14-d4ec8d97a2d7,Provincia di Biella - PTPv1 - caselli autostradali,transportation,https://www.provincia.biella.it/repertorio/consultazione/at8-strumenti-di-pianificazione/igt-f-politiche-territoriali-della,false,0,err
p_bi,p_bi:a238f52e-48cd-4761-bc14-d4ec8d97a2d7,Provincia di Biella - PTPv1 - caselli autostradali,transportation,https://www.provincia.biella.it/repertorio/consultazione/at8-strumenti-di-pianificazione/igt-politiche-lassetto-del-sistema,false,0,err
r_piemon,r_piemon:34658997-27e0-4ab7-a576-9d358b2486d2,Aree delimitate per la presenza di Popillia japonica,farming,https://www.datigeo-piem-download.it/direct/Geoportale/RegionePiemonte/AGRICOLTURA/CSR_2023_2027/popillia_japonica.zip,true,22100324,ok
r_piemon,r_piemon:199104d1-ea7e-4d4c-ac65-0e380cc2a59d,Vini – indicazione dell’idoneità alla D.O. su mosaicatura catastale di riferimento regionale 2024,farming,https://www.datigeo-piem-download.it/direct/Geoportale/RegionePiemonte/AGRICOLTURA/ViniVitigni/IDONEITA_PRODUZIONE_VINO_DO_2024-EPSG32632-GPKG.zip,true,32252775,ok
r_piemon,r_piemon:941f3e21-0c22-4690-85c0-dcf9385332c7,"Siti inseriti nella lista del Patrimonio Mondiale UNESCO ""I Paesaggi vitivinicoli del Piemonte: Langhe-Roero e Monferrato"" (buffer zone lineari)",planningCadastre,https://www.datigeo-piem-download.it/direct/Geoportale/RegionePiemonte/UNESCO/Buffer_zone_paesaggi_vitivinicoli_lineare.zip,true,70289,ok
r_piemon,r_piemon:29fd3921-6354-47e0-beda-502990267410,Ppr - Belvedere del Piano di Monitoraggio,planningCadastre,https://www.datigeo-piem-download.it/direct/Geoportale/RegionePiemonte/PPR/PPR_BELVEDERE_P4/belvedere_piano_monitoraggio.zip,true,26460,ok
r_piemon,r_piemon:29fd3921-6354-47e0-beda-502990267410,Ppr - Belvedere del Piano di Monitoraggio,planningCadastre,https://www.datigeo-piem-download.it/direct/Geoportale/RegionePiemonte/PPR/PPR_BELVEDERE_P4/Osservatorio.zip,true,929327518,ok
c_001272,c_l219:ed751fd9-27ed-4083-ab80-9543309831ee,Azzonamenti Statistici - Zone statistiche,boundaries,http://geoportale.comune.torino.it/geodati/zip/zone_statistiche_geo.zip,true,156031,ok
c_001272,c_l219:ed751fd9-27ed-4083-ab80-9543309831ee,Azzonamenti Statistici - Zone statistiche,boundaries,http://geoportale.comune.torino.it/geodati/zip/zone_statistiche_csv.zip,true,166498,ok
c_001272,c_l219:161e68b2-a8e1-4234-8efd-cceb002729be,Cartografia in scarico - Carta delle circoscrizioni 1:5000,imageryBaseMapsEarthCover,http://geoportale.comune.torino.it/geodati/zip/carta_delle_circoscrizioni_fogli_5000_geo.zip,true,42267,ok
c_001272,c_l219:161e68b2-a8e1-4234-8efd-cceb002729be,Cartografia in scarico - Carta delle circoscrizioni 1:5000,imageryBaseMapsEarthCover,http://geoportale.comune.torino.it/geodati/zip/carta_delle_circoscrizioni_fogli_5000_csv.zip,true,37143,ok
r_piemon,r_piemon:a6538f0f-f7eb-4022-b76e-043741c4b188,Ppr - Mete di fruizione e Capisaldi del sistema fruitivo (tav. P5),planningCadastre,https://www.datigeo-piem-download.it/direct/Geoportale/RegionePiemonte/PPR/mete_e_capisaldi_fruitivi.zip,true,31457,ok
r_piemon,r_piemon:4452c619-e36c-4963-ad03-44be7510e740,Territorio Agro-Silvo-Pastorale (TASP) Regione Piemonte,farming,https://www.datigeo-piem-download.it/direct/Geoportale/RegionePiemonte/AGRICOLTURA/TASP/tasp.zip,true,1654651645,ok
r_piemon,r_piemon:130b499f-3e2d-4388-8cf0-66892cd7ee25,Carta forestale regionale (edizione 2025),biota,https://www.datigeo-piem-download.it/direct/Geoportale/RegionePiemonte/SIFOR/CF_2025.gpkg,true,193744896,ok
p_to,cmto:62b371f0-8a20-4839-8eab-33de9924f417,OSSERVATORIO DEL DISSESTO,geoscientificInformation,https://www.cittametropolitana.torino.it/cms/risorse/sit-cartografico/dwd/geoportale/dati_scaricabili/difesa_del_suolo/decodifica_campi_osservatorio_dissesto.pdf,true,134002,ok
p_bi,p_bi:26c77f5f-3fd4-4cbb-8d32-d444296409f7,Provincia di Biella - PTPv1 - Galassini,planningCadastre,https://www.provincia.biella.it/repertorio/consultazione/at8-strumenti-di-pianificazione/ctp-pae-sensibilita-paesistiche-e,false,0,err
r_piemon,r_piemon:94379297-e72a-41f8-918d-f497a956eb39,ALLESTIMENTO CARTOGRAFICO DI RIFERIMENTO BDTRE 2026 COLORI 1:250000,imageryBaseMapsEarthCover,https://www.geoportale.piemonte.it/visregpigo/?action-type=dwl&url=https://geoservices.csi.it/ms/wms/bdtre/rp-01/bdtrewms/wms_griglia_scaricogp?service=WMS&version=1.3&request=getCapabilities&title=Scarico%20-%20Allestimento%201:250.000%20BDTRE%202026&layer=scBD3fg250,true,18993,ok
r_piemon,r_piemon:d1252f4d-8c29-4995-b85b-4bbfb179cc70,Uso del suolo agricolo su mosaicatura catastale di riferimento regionale 2025,farming,https://www.geoportale.piemonte.it/visregpigo/?action-type=dwl&url=https://geoservices.csi.it/ms/wms/agrigeo/rp-01/agrigeowms/wms_griglia_scaricogp?service=WMS&version=1.3&request=getCapabilities&title=Scarico%20-%20Uso%20del%20suolo%20agricolo&layer=scUsoSuoAgri,true,18993,ok
r_piemon,r_piemon:d1252f4d-8c29-4995-b85b-4bbfb179cc70,Uso del suolo agricolo su mosaicatura catastale di riferimento regionale 2025,farming,https://www.datigeo-piem-download.it/direct/Geoportale/RegionePiemonte/AGRICOLTURA/UsoSuoloAgri/USO_SUOLO_AGRICOLO_2025-PROV-001-EPSG32632-GPKG.zip,true,139991770,ok
r_piemon,r_piemon:d1252f4d-8c29-4995-b85b-4bbfb179cc70,Uso del suolo agricolo su mosaicatura catastale di riferimento regionale 2025,farming,https://www.datigeo-piem-download.it/direct/Geoportale/RegionePiemonte/AGRICOLTURA/UsoSuoloAgri/USO_SUOLO_AGRICOLO_2025-PROV-006-EPSG32632-GPKG.zip,true,92369283,ok
r_piemon,r_piemon:d1252f4d-8c29-4995-b85b-4bbfb179cc70,Uso del suolo agricolo su mosaicatura catastale di riferimento regionale 2025,farming,https://www.datigeo-piem-download.it/direct/Geoportale/RegionePiemonte/AGRICOLTURA/UsoSuoloAgri/USO_SUOLO_AGRICOLO_2025-PROV-005-EPSG32632-GPKG.zip,true,54239173,ok
r_piemon,r_piemon:d1252f4d-8c29-4995-b85b-4bbfb179cc70,Uso del suolo agricolo su mosaicatura catastale di riferimento regionale 2025,farming,https://www.datigeo-piem-download.it/direct/Geoportale/RegionePiemonte/AGRICOLTURA/UsoSuoloAgri/USO_SUOLO_AGRICOLO_2025-PROV-096-EPSG32632-GPKG.zip,true,15244698,ok
r_piemon,r_piemon:d1252f4d-8c29-4995-b85b-4bbfb179cc70,Uso del suolo agricolo su mosaicatura catastale di riferimento regionale 2025,farming,https://www.datigeo-piem-download.it/direct/Geoportale/RegionePiemonte/AGRICOLTURA/UsoSuoloAgri/USO_SUOLO_AGRICOLO_2025-PROV-004-EPSG32632-GPKG.zip,true,162559344,ok
r_piemon,r_piemon:d1252f4d-8c29-4995-b85b-4bbfb179cc70,Uso del suolo agricolo su mosaicatura catastale di riferimento regionale 2025,farming,https://www.datigeo-piem-download.it/direct/Geoportale/RegionePiemonte/AGRICOLTURA/UsoSuoloAgri/USO_SUOLO_AGRICOLO_2025-PROV-003-EPSG32632-GPKG.zip,true,25711675,ok
r_piemon,r_piemon:d1252f4d-8c29-4995-b85b-4bbfb179cc70,Uso del suolo agricolo su mosaicatura catastale di riferimento regionale 2025,farming,https://www.datigeo-piem-download.it/direct/Geoportale/RegionePiemonte/AGRICOLTURA/UsoSuoloAgri/USO_SUOLO_AGRICOLO_2025-PROV-103-EPSG32632-GPKG.zip,true,14633657,ok
r_piemon,r_piemon:d1252f4d-8c29-4995-b85b-4bbfb179cc70,Uso del suolo agricolo su mosaicatura catastale di riferimento regionale 2025,farming,https://www.datigeo-piem-download.it/direct/Geoportale/RegionePiemonte/AGRICOLTURA/UsoSuoloAgri/USO_SUOLO_AGRICOLO_2025-PROV-002-EPSG32632-GPKG.zip,true,32475955,ok
r_piemon,r_piemon:600a5c0a-add2-47b2-8a6a-8cd8a295095b,Reti di monitoraggio delle acque,environment,http://www.regione.piemonte.it/monitgis/public/welcome.do,true,163317,ok
r_piemon,r_piemon:a95f28fe-3645-4ce2-833e-3c52bd14d845,Derivazioni idriche,environment,http://www.regione.piemonte.it/siriw/cartografia/mappastart.do,true,15248,ok
p_to,cmto:34cbbef9-9a6e-4e8e-a38a-bf8f3de1ee91,MALONE - Studio idrogeologico,geoscientificInformation,https://www.cittametropolitana.torino.it/sites/default/files/pagina/risorse/sit-cartografico/dwd/geoportale/dati_scaricabili/difesa_del_suolo/studi_idrogeologici/malone/Presentazione_studio_109a.pdf,true,2941702,ok
p_to,cmto:34cbbef9-9a6e-4e8e-a38a-bf8f3de1ee91,MALONE - Studio idrogeologico,geoscientificInformation,https://www.cittametropolitana.torino.it/sites/default/files/pagina/risorse/sit-cartografico/dwd/geoportale/dati_scaricabili/difesa_del_suolo/studi_idrogeologici/malone/Relazione-illustrativa-caratteri-territoriali_studio_109a.pdf,true,4329103,ok
p_to,cmto:34cbbef9-9a6e-4e8e-a38a-bf8f3de1ee91,MALONE - Studio idrogeologico,geoscientificInformation,https://www.cittametropolitana.torino.it/sites/default/files/pagina/risorse/sit-cartografico/dwd/geoportale/dati_scaricabili/difesa_del_suolo/studi_idrogeologici/malone/Relazione-illustrativa-urbanistica_studio_109a.pdf,true,16324923,ok
p_to,cmto:34cbbef9-9a6e-4e8e-a38a-bf8f3de1ee91,MALONE - Studio idrogeologico,geoscientificInformation,https://www.cittametropolitana.torino.it/sites/default/files/pagina/risorse/sit-cartografico/dwd/geoportale/dati_scaricabili/difesa_del_suolo/studi_idrogeologici/malone/Geomorfologia-relazione-illustrativa_studio_109b.pdf,true,1518019,ok
p_to,cmto:34cbbef9-9a6e-4e8e-a38a-bf8f3de1ee91,MALONE - Studio idrogeologico,geoscientificInformation,https://www.cittametropolitana.torino.it/sites/default/files/pagina/risorse/sit-cartografico/dwd/geoportale/dati_scaricabili/difesa_del_suolo/studi_idrogeologici/malone/Urbanistica-schede_studio_109b.pdf,true,6420440,ok
p_to,cmto:34cbbef9-9a6e-4e8e-a38a-bf8f3de1ee91,MALONE - Studio idrogeologico,geoscientificInformation,https://www.cittametropolitana.torino.it/sites/default/files/pagina/risorse/sit-cartografico/dwd/geoportale/dati_scaricabili/difesa_del_suolo/studi_idrogeologici/malone/Relazione-di-sintesi_studio_109b.pdf,true,2590357,ok
r_piemon,r_piemon:5be580ea-47a8-4d0c-88b2-57cf5dd7021f,Agenzie turistiche locali (ATL),economy,https://www.datigeo-piem-download.it/direct/Geoportale/RegionePiemonte/Turismo/ATL/atl.zip,true,1108332,ok
p_to,arlpa_to:07.06.08_11-D_2022-11-09-15:20,"Arpa Piemonte - Mappa delle concentrazioni di cromo, nichel, cobalto e vanadio nei suoli della pianura piemontese",environment,https://webgis.arpa.piemonte.it/w-metadoc/Download/concentraz_cr_ni_co_v_suoli.zip,true,707628,ok
r_piemon,r_piemon:91d1eaa0-38c2-4875-9da4-fba98dbd420f,Idrogeologia - Piezometria della falda superficiale,environment,https://www.datigeo-piem-download.it/direct/Geoportale/RegionePiemonte/Acqua/piezo_100.zip,true,915502,ok
r_piemon,r_piemon:91d1eaa0-38c2-4875-9da4-fba98dbd420f,Idrogeologia - Piezometria della falda superficiale,environment,https://www.datigeo-piem-download.it/direct/Geoportale/RegionePiemonte/Acqua/Piezometria_falda_superficiale.pdf,true,104356,ok
c_001272,c_l219:915685f1-b22f-4921-a1c7-156f9ab71a82,Azzonamenti Statistici - Sezioni di censimento 2011,boundaries,http://geoportale.comune.torino.it/geodati/zip/sezioni_censimento_2011_geo.zip,true,773839,ok
c_001272,c_l219:915685f1-b22f-4921-a1c7-156f9ab71a82,Azzonamenti Statistici - Sezioni di censimento 2011,boundaries,http://geoportale.comune.torino.it/geodati/zip/sezioni_censimento_2011_dwg.zip,true,1113082,ok
c_001272,c_l219:915685f1-b22f-4921-a1c7-156f9ab71a82,Azzonamenti Statistici - Sezioni di censimento 2011,boundaries,http://geoportale.comune.torino.it/geodati/zip/sezioni_censimento_2011_csv.zip,true,682017,ok
r_piemon,r_piemon:8a0b6bcb-ec5b-469a-9bca-372c6dc03484,PRAE - Piano Regionale delle Attività Estrattive,planningCadastre,https://www.datigeo-piem-download.it/direct/Geoportale/RegionePiemonte/PRAE/PRAE_stralcio_DCR122-20649_2025-09-30.zip,true,14301010,ok
c_001272,c_l219:a2480a80-ea7d-412a-911c-5d2679d72af4,Scuole,society,http://geoportale.comune.torino.it/geodati/zip/scuole_geo.zip,true,349910,ok
c_001272,c_l219:a2480a80-ea7d-412a-911c-5d2679d72af4,Scuole,society,http://geoportale.comune.torino.it/geodati/zip/scuole_dwg.zip,true,170468,ok
c_001272,c_l219:a2480a80-ea7d-412a-911c-5d2679d72af4,Scuole,society,http://geoportale.comune.torino.it/geodati/zip/scuole_csv.zip,true,39496,ok
r_piemon,r_piemon:8e3b01fd-01df-4717-9ea1-d41079d67b24,ALLESTIMENTO CARTOGRAFICO DI RIFERIMENTO BDTRE 2021 B/N 1:10.000,imageryBaseMapsEarthCover,https://www.geoportale.piemonte.it/visregpigo/?action-type=dwl&url=https://geoservices.csi.it/ms/wms/bdtre/rp-01/bdtrewms/wms_griglia_scaricogp?service=WMS&version=1.3&request=getCapabilities&title=Scarico%20-%20Allestimento%201:10.000%20BDTRE%202021&layer=scBD3CTR,true,18993,ok
p_to,cmto:bf8cd32c-e97d-4674-b6a4-32b065c7065a,PTC 2 - Biotopi,environment,https://www.cittametropolitana.torino.it/sites/default/files/pagina/risorse/territorio/dwd/pianificazione-territoriale/ptc2/shape_tavole/tav31/biotopi.zip,true,227126,ok
c_001272,c_l219:ec297bff-b484-4346-84d7-1f13729756d6,Urbanistica - PRG Var. Geologica - Frane,planningCadastre,http://geoportale.comune.torino.it/sec/zip/frane.zip,true,217109,ok
p_to,cmto:8f44031e-0560-456c-989d-103df1a7ac98,Aziende autorizzate emissioni in atmosfera in via ordinaria (ex. art. 269 del D.Lgs. 152/2006)  - puntuale,environment,https://eds.cittametropolitana.torino.it/geoportale/SHP_INT_ATM_ESPL.php,true,82402,ok
c_001272,c_l219:90315feb-7b7e-4f00-b9fc-652e6dd710dc,Arte urbana - MurArte,society,http://geoportale.comune.torino.it/geodati/zip/a_urbana_murarte_geo.zip,true,22397,ok
c_001272,c_l219:90315feb-7b7e-4f00-b9fc-652e6dd710dc,Arte urbana - MurArte,society,http://geoportale.comune.torino.it/geodati/zip/a_urbana_murarte_csv.zip,true,3591,ok
r_piemon,r_piemon:104e43cd-5c50-4345-b508-5ba83a92ba0b,Reticolo idrografico regionale - DB Prior 10K - Nodi idrici (STORICO),imageryBaseMapsEarthCover,https://www.datigeo-piem-download.it/direct/Geoportale/RegionePiemonte/DBPR10_ELEMIDRI/DBPrior_elemidri.zip,true,21900501,ok
r_piemon,r_piemon:b664b100-dfe6-4d18-a3df-13f05193f377,Ppr - Unità di paesaggio (tav. P3),planningCadastre,https://www.datigeo-piem-download.it/direct/Geoportale/RegionePiemonte/PPR/Up_2012.zip,true,1879784,ok
r_piemon,r_piemon:af0adafc-7759-46ea-870b-26c11158093c,Ppr - Ambiti di paesaggio (tavv. P3-P6),planningCadastre,https://www.datigeo-piem-download.it/direct/Geoportale/RegionePiemonte/PPR/ambiti_paesaggio_2012.zip,true,1437863,ok
r_piemon,r_piemon:224de2ac-023e-441c-9ae0-ea493b217a8e,RIPRESA AEREA ICE 2009-2011 - DTM 5,imageryBaseMapsEarthCover,https://www.geoportale.piemonte.it/visregpigo/?action-type=dwl&url=https://geomap.reteunitaria.piemonte.it/ws/taims/rp-01/taimsscaricogp/wms_scaricogp?service=WMS&version=1.3&request=getCapabilities&title=Scarico-Ripresa%20Aerea%20ICE%202009-2011%20-DTM5&layer=scDTM5ICE,true,18993,ok
p_to,cmto:3b5b0fde-e314-45d2-b3e0-9695534de9ae,PTC 2 - PIANO TERRITORIALE DI COORDINAMENTO - TAVOLA 5.1,planningCadastre,https://www.cittametropolitana.torino.it/sites/default/files/pagina/risorse/territorio/dwd/pianificazione-territoriale/ptc2/tav_5-1_difsuolo.pdf,true,3740132,ok
r_piemon,r_piemon:34f73b85-a2ec-453f-8765-814dbc0d872a,Ppr - Bene ex DD.MM. 1/8/1985 (tav. P2 - AGGIORNAMENTO 2021),planningCadastre,https://www.datigeo-piem-download.it/direct/Geoportale/RegionePiemonte/PPR/Bene_ex_DDMM_1_8_1985.zip,true,520828,ok
p_to,cmto:309bb5ec-402a-455b-baec-f2ee0326f78e,PTC 2 - Centrali idroelettriche,structure,https://www.cittametropolitana.torino.it/sites/default/files/pagina/risorse/territorio/dwd/pianificazione-territoriale/ptc2/shape_tavole/tav22/centrali_idroelettriche.zip,true,22211,ok
c_001272,c_l219:265f72ec-4563-4e48-b4bb-737f1cad1508,Vincoli e prescrizioni sovraordinate - PTO - Piano Territoriale Operativo del Po,planningCadastre,http://geoportale.comune.torino.it/sec/zip/pto.zip,true,12247,ok
r_piemon,r_piemon:3fcae3ad-cf09-438d-99d7-a432b5b5c57f,Aree di ricarica dell'acquifero profondo - scala 1:250000,environment,https://www.datigeo-piem-download.it/direct/Geoportale/RegionePiemonte/Ambiente/AreeRicaricaAcquiferiProfondi.zip,true,243034,ok
r_piemon,r_piemon:cbe5c370-c48e-486a-a9e7-1d89c4b0971f,Mosaicatura catastale di riferimento regionale,planningCadastre,https://www.geoportale.piemonte.it/visregpigo/?action-type=dwl&url=https://opengis.csi.it/ws/bdtre_catastale/wms_bdtre_catastale_download?service=WMS&version=1.3&request=getCapabilities&title=BDTRE%20Catastale%20-%20Download&layer=download_comune,true,18993,ok
r_piemon,r_piemon:35df8a16-5d89-461f-a0f2-abc2180713d2,Land Cover Piemonte: Classificazione di uso e copertura del suolo,geoscientificInformation,https://www.geoportale.piemonte.it/visregpigo/?action-type=dwl&url=https://geoservices.csi.it/ms/wms/sittq/rp-01/lcpwms/wms_griglia_lcp?service=WMS&version=1.3&request=getCapabilities&title=Scarico%20-%20Land%20Cover%20Piemonte&layer=grigliaLCP,true,18993,ok
p_to,cmto:ad43035c-5083-42a1-993d-5087a006f332,Aziende autorizzate con autorizzazione unica ambientale (A.U.A. ai sensi del D.P.R. 13 marzo 2013 n. 59 )  - puntuale,environment,https://eds.cittametropolitana.torino.it/geoportale/SHP_INT_AUA.php,true,293533,ok
c_001272,c_l219:5908b85c-09de-405f-8183-e71874cc9dcc,Dati statistici - Zone Statistiche - Popolazione residente,society,http://geoportale.comune.torino.it/geodati/zip/zonestat_popolazione_residente_geo.zip,true,2923103,ok
c_001272,c_l219:5908b85c-09de-405f-8183-e71874cc9dcc,Dati statistici - Zone Statistiche - Popolazione residente,society,http://geoportale.comune.torino.it/geodati/zip/zonestat_popolazione_residente_csv.zip,true,1689237,ok
c_001272,c_l219:0e13845a-000d-4e8b-9c64-c465f345401e,Vincoli e prescrizioni sovraordinate - Beni culturali D.Lgs 42/2004 (dati ufficiali presso Soprintendenza),planningCadastre,http://geoportale.comune.torino.it/sec/zip/beni_culturali.zip,true,362108,ok
r_piemon,r_piemon:04c32dfc-51e1-4f6f-a7fc-538058884e21,Ppr - Tav. P3 Ambiti e unità di paesaggio,planningCadastre,https://www.datigeo-piem-download.it/direct/Geoportale/RegionePiemonte/PPR/ProgettiQGIS/PPR_TavolaP3.zip,true,14510650,ok
r_piemon,r_piemon:8379233b-399f-47f1-838e-3709cfeb056c,Viabilita' 1:100.000 - Ferrovie - Storico,transportation,https://www.datigeo-piem-download.it/direct/Geoportale/RegionePiemonte/Ferrovie/Ferrovie100k_storico.zip,true,166910,ok
p_to,arlpa_to:04.01.01-D_2015-07-13-14:03,Arpa Piemonte - Valutazione modellistica annuale dello stato di Qualita' dell'Aria (su passo comunale o di griglia),climatologyMeteorologyAtmosphere,https://webgis.arpa.piemonte.it/w-metadoc/Download/ARIA_Modellistica.zip,true,16278088,ok
r_piemon,r_piemon:f0c7e45c-d8bc-42ad-af71-514fbf46b26d,Zone vulnerabili ai nitrati di origine agricola,environment,https://www.datigeo-piem-download.it/direct/Geoportale/RegionePiemonte/Ambiente/ZVN_Piemonte.zip,true,2932278,ok
r_piemon,r_piemon:c2274868-163d-4a16-a96f-87ea49718314,Ppr - Morfologie insediative (tav. P4),planningCadastre,https://www.datigeo-piem-download.it/direct/Geoportale/RegionePiemonte/PPR/Morfologie_insediative.zip,true,105895792,ok
r_piemon,r_piemon:6e15300b-d6f1-45a2-a82c-08e2541b1981,Idrogeologia - Carta dei complessi idrogeologici 1:100.000,environment,https://www.datigeo-piem-download.it/direct/Geoportale/RegionePiemonte/Acqua/complessi_idrogeologici.zip,true,3935041,ok
r_piemon,r_piemon:6e15300b-d6f1-45a2-a82c-08e2541b1981,Idrogeologia - Carta dei complessi idrogeologici 1:100.000,environment,https://www.datigeo-piem-download.it/direct/Geoportale/RegionePiemonte//Acqua/Idrogeologia_pianura_piemontese.pdf,true,2288182,ok
r_piemon,r_piemon:d910c089-c7aa-4b8c-a959-2eee6b2b8aac,Aree a vocazione tartufigena (edizione 2025),biota,https://www.datigeo-piem-download.it/direct/Geoportale/RegionePiemonte/tartufi/attitudine_tartufi_2025_07.gpkg,true,201842688,ok
r_piemon,r_piemon:e63d7184-8253-4a0d-9746-e23dd7c86627,Ppr - Tav. P2.0 Beni Paesaggistici (Quadro d'unione 1:250000),planningCadastre,https://www.datigeo-piem-download.it/direct/Geoportale/RegionePiemonte/PPR/ProgettiQGIS/PPR_TavolaP2.zip,true,30360374,ok
r_piemon,r_piemon:14116e96-35fe-4788-a055-0b5884377432,Ppr - Nuclei alpini connessi agli usi agro-silvo-pastorali (tav. P4),planningCadastre,https://www.datigeo-piem-download.it/direct/Geoportale/RegionePiemonte/PPR/nuclei_alpini_upp.zip,true,361506,ok
r_piemon,r_piemon:ec4d0d39-4b96-4de1-a5d9-c3058faa757c,CTRN vettoriale 1:50.000 - singoli fogli,imageryBaseMapsEarthCover,https://www.geoportale.piemonte.it/visregpigo/?action-type=dwl&url=https://geomap.reteunitaria.piemonte.it/ws/taims/rp-01/taimsscaricogp/wms_scaricogp?service=WMS&version=1.3&request=getCapabilities&title=Scarico%20-%20CTRN%20vettoriale%201:50.000%20(1991-2005)&layer=scCTRN50,true,18993,ok
r_piemon,r_piemon:7e15d517-73d1-4d41-aecf-d1a197bb3ef6,Ppr - Bene ex L. 1497/1939 (poligoni - tav. P2),planningCadastre,https://www.datigeo-piem-download.it/direct/Geoportale/RegionePiemonte/PPR/Bene_ex_L_1497_39_poligoni.zip,true,455455,ok
r_piemon,r_piemon:34a5904a-72cc-449f-a9f6-a05876a63abf,Ppr - Rete sentieristica (tav. P5),planningCadastre,https://www.datigeo-piem-download.it/direct/Geoportale/RegionePiemonte/PPR/rete_sentieristica.zip,true,3916332,ok
r_piemon,r_piemon:ea9ea426-cf4d-41d0-81d4-e0a642f30aa3,CTR (Carta Tecnica Regionale) raster 1:10.000 (1991-1995),imageryBaseMapsEarthCover,https://www.geoportale.piemonte.it/visregpigo/?action-type=dwl&url=https://geomap.reteunitaria.piemonte.it/ws/taims/rp-01/taimsscaricogp/wms_scaricogp?service=WMS&version=1.3&request=getCapabilities&title=Scarico%20-%20Carta%20Tecnica%20Regionale%20storica&layer=scCTR,true,18993,ok
r_piemon,r_piemon:15174f80-cfda-430b-a97d-0b8d3a542ecf,ALLESTIMENTO CARTOGRAFICO DI RIFERIMENTO BDTRE 2026 B/N 1:10.000,imageryBaseMapsEarthCover,https://www.geoportale.piemonte.it/visregpigo/?action-type=dwl&url=https://geoservices.csi.it/ms/wms/bdtre/rp-01/bdtrewms/wms_griglia_scaricogp?service=WMS&version=1.3&request=getCapabilities&title=Scarico%20-%20Allestimento%201:10.000%20BDTRE%202026&layer=scBD3CTR,true,18993,ok
r_piemon,r_piemon:59e0c654-1268-419d-95c3-c5c80dc2e4bf,Ppr - Lettera m) zone di interesse archeologico (tav. P2),planningCadastre,https://www.datigeo-piem-download.it/direct/Geoportale/RegionePiemonte/PPR/Lettera_m_zone_archeologiche.zip,true,119536,ok
r_piemon,r_piemon:5d8d0dd5-c0ac-4403-afb9-c116ccefedc8,Incendi boschivi - Aree e Punti di innesco,environment,https://www.datigeo-piem-download.it/direct/Geoportale/RegionePiemonte/IncendiBoschivi/incendi_boschivi.zip,true,1791455,ok
r_piemon,r_piemon:2e02fda6-24ee-45bb-a36e-a2fab030b9e1,CTRN vettoriale 1:10.000 (1991-2005) - Singole sezioni - STORICO,imageryBaseMapsEarthCover,https://www.geoportale.piemonte.it/visregpigo/?action-type=dwl&url=https://geomap.reteunitaria.piemonte.it/ws/taims/rp-01/taimsscaricogp/wms_scaricogp?service=WMS&version=1.3&request=getCapabilities&title=Scarico%20-%20CTRN%20vettoriale%201:10.000%20(1991-2005)&layer=scCTRN,true,18993,ok
r_piemon,r_piemon:37c6413b-b07f-4f4c-9344-f2e43ea52bbd,Carta dei suoli 1:50.000,biota,https://www.datigeo-piem-download.it/direct/Geoportale/RegionePiemonte/AGRICOLTURA/CarteSuoli/Carta_Suoli_50.zip,true,216322932,ok
c_001272,c_l219:a5b2b15e-895e-41f1-a2c0-8ba8357b1a6d,Mobilità - Metropolitana - Fermate,transportation,http://geoportale.comune.torino.it/geodati/zip/fermate_metro_csv.zip,true,1269,ok
c_001272,c_l219:a5b2b15e-895e-41f1-a2c0-8ba8357b1a6d,Mobilità - Metropolitana - Fermate,transportation,http://geoportale.comune.torino.it/geodati/zip/fermate_metro_geo.zip,true,4803,ok
r_piemon,r_piemon:0579c5a2-d66f-47d7-a04b-afe6d1714872,Ppr - Lettera h) usi civici (tav. P2),planningCadastre,https://www.datigeo-piem-download.it/direct/Geoportale/RegionePiemonte/PPR/Lettera_h_usi_civici.zip,true,37820,ok
p_bi,p_bi:203000df-1ecc-49a5-8514-9980fed9bf1b,Provincia di Biella - PTPv1 - Fascia rispetto acque,planningCadastre,https://www.provincia.biella.it/repertorio/consultazione/at8-strumenti-di-pianificazione/ctp-pae-sensibilita-paesistiche-e,false,0,err
r_piemon,r_piemon:56865342-e240-460b-aae0-6d1d1d20f5da,ALLESTIMENTO CARTOGRAFICO DI RIFERIMENTO BDTRE 2026 COLORI 1:25.000,imageryBaseMapsEarthCover,https://www.geoportale.piemonte.it/visregpigo/?action-type=dwl&url=https://geoservices.csi.it/ms/wms/bdtre/rp-01/bdtrewms/wms_griglia_scaricogp?service=WMS&version=1.3&request=getCapabilities&title=Scarico%20-%20Allestimento%201:25.000%20BDTRE%202026&layer=scBD3fg25,true,18993,ok
r_piemon,r_piemon:7263780f-23b6-4768-9894-7a0318ad5a63,ALLESTIMENTO CARTOGRAFICO DI RIFERIMENTO BDTRE 2025 B/N 1:10.000,imageryBaseMapsEarthCover,https://www.geoportale.piemonte.it/visregpigo/?action-type=dwl&url=https://geoservices.csi.it/ms/wms/bdtre/rp-01/bdtrewms/wms_griglia_scaricogp?service=WMS&version=1.3&request=getCapabilities&title=Scarico%20-%20Allestimento%201:10.000%20BDTRE%202025&layer=scBD3CTR,true,18993,ok
r_piemon,r_piemon:b620d4e1-619a-4b9a-a498-1eb40ee1317b,BDTRE - STRUTTURA AGGREGATA (DATI VETTORIALI),imageryBaseMapsEarthCover,https://www.geoportale.piemonte.it/visregpigo/?action-type=dwl&url=https://geoservices.csi.it/ms/wms/bdtre/rp-01/bdtrewms/wms_griglia_scaricogp?service=WMS&version=1.3&request=getCapabilities&title=Scarico-BDTREvettoriale&layer=scBD3grComuni,true,18993,ok
c_001272,c_l219:167b6c05-0e90-4712-b487-73fb60abe8c3,Azzonamenti Statistici - Sezioni di censimento 2021,boundaries,http://geoportale.comune.torino.it/geodati/zip/sezioni_censimento_geo.zip,true,5048695,ok
c_001272,c_l219:167b6c05-0e90-4712-b487-73fb60abe8c3,Azzonamenti Statistici - Sezioni di censimento 2021,boundaries,http://geoportale.comune.torino.it/geodati/zip/sezioni_censimento_dwg.zip,true,4880210,ok
c_001272,c_l219:167b6c05-0e90-4712-b487-73fb60abe8c3,Azzonamenti Statistici - Sezioni di censimento 2021,boundaries,http://geoportale.comune.torino.it/geodati/zip/sezioni_censimento_csv.zip,true,5885562,ok
r_piemon,r_piemon:b8cfb6b5-4595-4bf0-b1a7-34a06e2bb4a9,Piano Gestione Rischio Alluvioni - PGRA - Pericolosità - ultimo aggiornamento,geoscientificInformation,https://www.datigeo-piem-download.it/direct/Geoportale/RegionePiemonte/PGRA/PGRA_ua.zip,true,18330493,ok
c_001272,c_l219:5c1085bb-07c5-4eed-a82c-66bd8fb6ad37,Cartografia in scarico - Carta tecnica - fogli 1:5000,imageryBaseMapsEarthCover,http://geoportale.comune.torino.it/geodati/zip/carta_tecnica_fogli_5000_geo.zip,true,8215,ok
c_001272,c_l219:5c1085bb-07c5-4eed-a82c-66bd8fb6ad37,Cartografia in scarico - Carta tecnica - fogli 1:5000,imageryBaseMapsEarthCover,http://geoportale.comune.torino.it/geodati/zip/carta_tecnica_fogli_5000_csv.zip,true,1389,ok
r_piemon,r_piemon:ccb43c9c-5b66-4aa5-b14a-d8db03a3362c,Viabilita' 1:100.000 - Strade statali - Storico,transportation,https://www.datigeo-piem-download.it/direct/Geoportale/RegionePiemonte/Strade_statali/Statali_100k_storico.zip,true,306968,ok
p_to,cmto:be7e2df2-3e92-4eca-974d-dfe4bddc26cd,DORA RIPARIA - Studio idrogeologico,geoscientificInformation,https://www.cittametropolitana.torino.it/sites/default/files/pagina/risorse/sit-cartografico/dwd/geoportale/dati_scaricabili/difesa_del_suolo/studi_idrogeologici/dorariparia/Stralcio-Relazione-tecnica_studio_111a.pdf,true,26397088,ok
p_to,cmto:be7e2df2-3e92-4eca-974d-dfe4bddc26cd,DORA RIPARIA - Studio idrogeologico,geoscientificInformation,https://www.cittametropolitana.torino.it/sites/default/files/pagina/risorse/sit-cartografico/dwd/geoportale/dati_scaricabili/difesa_del_suolo/studi_idrogeologici/dorariparia/Relazione-idraulica_studio_111a.pdf,true,546733,ok
p_to,cmto:be7e2df2-3e92-4eca-974d-dfe4bddc26cd,DORA RIPARIA - Studio idrogeologico,geoscientificInformation,https://www.cittametropolitana.torino.it/sites/default/files/pagina/risorse/sit-cartografico/dwd/geoportale/dati_scaricabili/difesa_del_suolo/studi_idrogeologici/dorariparia/Relazione_studio_111b.pdf,true,15623311,ok
p_to,cmto:be7e2df2-3e92-4eca-974d-dfe4bddc26cd,DORA RIPARIA - Studio idrogeologico,geoscientificInformation,https://www.cittametropolitana.torino.it/sites/default/files/pagina/risorse/sit-cartografico/dwd/geoportale/dati_scaricabili/difesa_del_suolo/studi_idrogeologici/dorariparia/Planimetrie-aree-sensibili_studio_111b.pdf,true,16765188,ok
p_to,cmto:be7e2df2-3e92-4eca-974d-dfe4bddc26cd,DORA RIPARIA - Studio idrogeologico,geoscientificInformation,https://www.cittametropolitana.torino.it/sites/default/files/pagina/risorse/sit-cartografico/dwd/geoportale/dati_scaricabili/difesa_del_suolo/studi_idrogeologici/dorariparia/Planimetrie-storiche-di-evoluzione-della-Dora_studio_111b.pdf,true,18163251,ok
p_to,cmto:be7e2df2-3e92-4eca-974d-dfe4bddc26cd,DORA RIPARIA - Studio idrogeologico,geoscientificInformation,https://www.cittametropolitana.torino.it/sites/default/files/pagina/risorse/sit-cartografico/dwd/geoportale/dati_scaricabili/difesa_del_suolo/studi_idrogeologici/dorariparia/Planimetrie-storiche-STATI-SARDI-di-evoluzione-della-Dora_studio_111b.pdf,true,16390358,ok
p_to,cmto:be7e2df2-3e92-4eca-974d-dfe4bddc26cd,DORA RIPARIA - Studio idrogeologico,geoscientificInformation,https://www.cittametropolitana.torino.it/sites/default/files/pagina/risorse/sit-cartografico/dwd/geoportale/dati_scaricabili/difesa_del_suolo/studi_idrogeologici/dorariparia/Planimetria-distribuzione-piogge-eventi-1920-1957-2000_studio_111b.pdf,true,724639,ok
r_piemon,r_piemon:baa08f9d-372d-4c15-9568-6225ab48f3cc,Rete ecologica regionale - Aree di valore ecologico (AVE),environment,https://www.datigeo-piem-download.it/direct/Geoportale/RegionePiemonte/ReteEcologica/ReteEcologicaRegionale/rete_ecologica_ave.zip,true,224260871,ok
r_piemon,r_piemon:3d164c06-6539-4298-ad56-f8c4161b659a,Uso del suolo agricolo su mosaicatura catastale di riferimento regionale 2022,farming,https://www.geoportale.piemonte.it/visregpigo/?action-type=dwl&url=https://geoservices.csi.it/ms/wms/agrigeo/rp-01/agrigeowms/wms_griglia_scaricogp?service=WMS&version=1.3&request=getCapabilities&title=Scarico%20-%20Uso%20del%20suolo%20agricolo&layer=scUsoSuoAgri,true,18993,ok
r_piemon,r_piemon:3d164c06-6539-4298-ad56-f8c4161b659a,Uso del suolo agricolo su mosaicatura catastale di riferimento regionale 2022,farming,https://www.datigeo-piem-download.it/direct/Geoportale/RegionePiemonte/AGRICOLTURA/UsoSuoloAgri/USO_SUOLO_AGRICOLO_2022-PROV-001-EPSG32632-GPKG.zip,true,118889786,ok
r_piemon,r_piemon:3d164c06-6539-4298-ad56-f8c4161b659a,Uso del suolo agricolo su mosaicatura catastale di riferimento regionale 2022,farming,https://www.datigeo-piem-download.it/direct/Geoportale/RegionePiemonte/AGRICOLTURA/UsoSuoloAgri/USO_SUOLO_AGRICOLO_2022-PROV-006-EPSG32632-GPKG.zip,true,82441550,ok
r_piemon,r_piemon:3d164c06-6539-4298-ad56-f8c4161b659a,Uso del suolo agricolo su mosaicatura catastale di riferimento regionale 2022,farming,https://www.datigeo-piem-download.it/direct/Geoportale/RegionePiemonte/AGRICOLTURA/UsoSuoloAgri/USO_SUOLO_AGRICOLO_2022-PROV-005-EPSG32632-GPKG.zip,true,48779609,ok
r_piemon,r_piemon:3d164c06-6539-4298-ad56-f8c4161b659a,Uso del suolo agricolo su mosaicatura catastale di riferimento regionale 2022,farming,https://www.datigeo-piem-download.it/direct/Geoportale/RegionePiemonte/AGRICOLTURA/UsoSuoloAgri/USO_SUOLO_AGRICOLO_2022-PROV-096-EPSG32632-GPKG.zip,true,15090050,ok
r_piemon,r_piemon:3d164c06-6539-4298-ad56-f8c4161b659a,Uso del suolo agricolo su mosaicatura catastale di riferimento regionale 2022,farming,https://www.datigeo-piem-download.it/direct/Geoportale/RegionePiemonte/AGRICOLTURA/UsoSuoloAgri/USO_SUOLO_AGRICOLO_2022-PROV-004-EPSG32632-GPKG.zip,true,142829470,ok
r_piemon,r_piemon:3d164c06-6539-4298-ad56-f8c4161b659a,Uso del suolo agricolo su mosaicatura catastale di riferimento regionale 2022,farming,https://www.datigeo-piem-download.it/direct/Geoportale/RegionePiemonte/AGRICOLTURA/UsoSuoloAgri/USO_SUOLO_AGRICOLO_2022-PROV-003-EPSG32632-GPKG.zip,true,23098462,ok
r_piemon,r_piemon:3d164c06-6539-4298-ad56-f8c4161b659a,Uso del suolo agricolo su mosaicatura catastale di riferimento regionale 2022,farming,https://www.datigeo-piem-download.it/direct/Geoportale/RegionePiemonte/AGRICOLTURA/UsoSuoloAgri/USO_SUOLO_AGRICOLO_2022-PROV-103-EPSG32632-GPKG.zip,true,14399991,ok
r_piemon,r_piemon:3d164c06-6539-4298-ad56-f8c4161b659a,Uso del suolo agricolo su mosaicatura catastale di riferimento regionale 2022,farming,https://www.datigeo-piem-download.it/direct/Geoportale/RegionePiemonte/AGRICOLTURA/UsoSuoloAgri/USO_SUOLO_AGRICOLO_2022-PROV-002-EPSG32632-GPKG.zip,true,29125753,ok
r_piemon,r_piemon:1167e7c0-ddc9-4ba9-90ad-7124ab2a5461,Ppr - Tav. P4.0 Componenti paesaggistiche (Quadro d'unione 1:250000),planningCadastre,https://www.datigeo-piem-download.it/direct/Geoportale/RegionePiemonte/PPR/ProgettiQGIS/PPR_TavolaP4.zip,true,492808798,ok
r_piemon,r_piemon:ddd728ba-030e-442b-8bf2-3129d4d5df68,Rete Ecologica regionale - Carta degli habitat e copertura semplificata degli habitat,environment,https://www.datigeo-piem-download.it/direct/Geoportale/RegionePiemonte/ReteEcologica/ReteEcologicaRegionale/rete_ecologica_carta_habitat_sotto.zip,true,1720689159,ok
r_piemon,r_piemon:ddd728ba-030e-442b-8bf2-3129d4d5df68,Rete Ecologica regionale - Carta degli habitat e copertura semplificata degli habitat,environment,https://www.datigeo-piem-download.it/direct/Geoportale/RegionePiemonte/ReteEcologica/ReteEcologicaRegionale/rete_ecologica_carta_habitat_sopra.zip,true,146566710,ok
p_to,p_to:gtt-gtfs,GTT - Feed GTFS del trasporto pubblico torinese,transportation,https://www.gtt.to.it/open_data/gtt_gtfs.zip,false,12870799,restricted_noncommercial
